"","Stage","Site","cluster","UMAP1","UMAP2","show"
"YS5_TKR180900693_HT3YJCCXY_L4_sc60","CS17","YS","Monocyte",5.1576714515686,-2.30116367340088,"CS17"
"YS5_TKR180900693_HT3YJCCXY_L4_sc67","CS17","YS","Lung_Mac",7.81484985351562,-0.917564928531647,"CS17"
"YS5_TKR180900693_HT3YJCCXY_L4_sc82","CS17","YS","EMP",-2.69596290588379,-2.03167772293091,"CS17"
"YS5_TKR180900693_HT3YJCCXY_L4_sc84","CS17","YS","Monocyte",5.40103149414062,-2.13151478767395,"CS17"
"YS5_TKR180900693_HT3YJCCXY_L4_sc88","CS17","YS","Monocyte",4.90540075302124,-2.31971764564514,"CS17"
"YS5_TKR180900693_HT3YJCCXY_L4_sc89","CS17","YS","Myeloblast",-0.12699481844902,-2.05286192893982,"CS17"
"B2_TKR180900710_HT3YJCCXY_L6_sc3","CS15","Blood","EMP",-4.50833702087402,-1.8540233373642,"CS15"
"B2_TKR180900710_HT3YJCCXY_L6_sc5","CS15","Blood","GMP",-1.34506916999817,-2.32867336273193,"CS15"
"B2_TKR180900710_HT3YJCCXY_L6_sc6","CS15","Blood","EMP",-3.9096667766571,-1.80371165275574,"CS15"
"B2_TKR180900710_HT3YJCCXY_L6_sc8","CS15","Blood","EMP",-3.37431335449219,-1.78557097911835,"CS15"
"B2_TKR180900710_HT3YJCCXY_L6_sc55","CS15","Blood","EMP",-4.2031512260437,-1.87592089176178,"CS15"
"B2_TKR180900710_HT3YJCCXY_L6_sc58","CS15","Blood","EMP",-4.20022201538086,-1.59629940986633,"CS15"
"B2_TKR180900710_HT3YJCCXY_L6_sc60","CS15","Blood","EMP",-3.09374046325684,-1.94289577007294,"CS15"
"B2_TKR180900710_HT3YJCCXY_L6_sc62","CS15","Blood","EMP",-3.66065764427185,-1.94562721252441,"CS15"
"B2_TKR180900710_HT3YJCCXY_L6_sc64","CS15","Blood","EMP",-3.71142888069153,-1.87441325187683,"CS15"
"B2_TKR180900710_HT3YJCCXY_L6_sc66","CS15","Blood","EMP",-4.48433780670166,-1.2565404176712,"CS15"
"B2_TKR180900710_HT3YJCCXY_L6_sc67","CS15","Blood","EMP",-3.7318868637085,-1.64741849899292,"CS15"
"B2_TKR180900710_HT3YJCCXY_L6_sc68","CS15","Blood","EMP",-4.01223707199097,-1.41876614093781,"CS15"
"B2_TKR180900710_HT3YJCCXY_L6_sc69","CS15","Blood","EMP",-3.78855419158936,-1.78583002090454,"CS15"
"B2_TKR180900710_HT3YJCCXY_L6_sc70","CS15","Blood","EMP",-4.12513446807861,-1.66258490085602,"CS15"
"B2_TKR180900710_HT3YJCCXY_L6_sc71","CS15","Blood","EMP",-3.06595277786255,-1.84354710578918,"CS15"
"B2_TKR180900710_HT3YJCCXY_L6_sc72","CS15","Blood","EMP",-4.17722463607788,-1.98348832130432,"CS15"
"B2_TKR180900710_HT3YJCCXY_L6_sc74","CS15","Blood","EMP",-4.14032554626465,-1.33128154277802,"CS15"
"B2_TKR180900710_HT3YJCCXY_L6_sc75","CS15","Blood","EMP",-4.09950256347656,-1.72392272949219,"CS15"
"B2_TKR180900710_HT3YJCCXY_L6_sc77","CS15","Blood","GMP",-1.42103731632233,-2.29981398582458,"CS15"
"B2_TKR180900710_HT3YJCCXY_L6_sc78","CS15","Blood","Myeloblast",1.14905345439911,-1.43661773204803,"CS15"
"B2_TKR180900710_HT3YJCCXY_L6_sc79","CS15","Blood","EMP",-4.72335720062256,-1.62365758419037,"CS15"
"B2_TKR180900710_HT3YJCCXY_L6_sc80","CS15","Blood","EMP",-4.51054668426514,-1.74820530414581,"CS15"
"B2_TKR180900710_HT3YJCCXY_L6_sc82","CS15","Blood","GMP",-2.31413602828979,-2.24308443069458,"CS15"
"B2_TKR180900710_HT3YJCCXY_L6_sc83","CS15","Blood","GMP",-1.0842592716217,-1.88726115226746,"CS15"
"B2_TKR180900710_HT3YJCCXY_L6_sc84","CS15","Blood","EMP",-4.39472103118896,-1.85239398479462,"CS15"
"B2_TKR180900710_HT3YJCCXY_L6_sc86","CS15","Blood","EMP",-4.33803272247314,-1.83469867706299,"CS15"
"B2_TKR180900710_HT3YJCCXY_L6_sc88","CS15","Blood","EMP",-4.28895235061646,-1.85355162620544,"CS15"
"B2_TKR180900710_HT3YJCCXY_L6_sc89","CS15","Blood","Myeloblast",0.652614593505859,-1.29842352867126,"CS15"
"H1_TKR180900697_HT3YJCCXY_L5_sc2","CS17","Head","Skin_Mac",4.23094272613525,-3.57051420211792,"CS17"
"H1_TKR180900697_HT3YJCCXY_L5_sc3","CS17","Head","GMP",5.24479866027832,-1.0827773809433,"CS17"
"H1_TKR180900697_HT3YJCCXY_L5_sc4","CS17","Head","Monocyte",5.37072372436523,-3.63074374198914,"CS17"
"H1_TKR180900697_HT3YJCCXY_L5_sc5","CS17","Head","Monocyte",4.34373378753662,-3.12195754051208,"CS17"
"H1_TKR180900697_HT3YJCCXY_L5_sc6","CS17","Head","Monocyte",2.72429180145264,-2.03661704063416,"CS17"
"H1_TKR180900697_HT3YJCCXY_L5_sc7","CS17","Head","Skin_Mac",3.58387589454651,-3.350013256073,"CS17"
"H1_TKR180900697_HT3YJCCXY_L5_sc57","CS17","Head","Monocyte",2.69281935691833,-1.9529093503952,"CS17"
"H1_TKR180900697_HT3YJCCXY_L5_sc59","CS17","Head","EMP",-5.10912132263184,-1.57554173469543,"CS17"
"H1_TKR180900697_HT3YJCCXY_L5_sc60","CS17","Head","Myeloblast",2.37823677062988,-2.07834053039551,"CS17"
"H1_TKR180900697_HT3YJCCXY_L5_sc61","CS17","Head","Myeloblast",1.32578110694885,-2.79866766929626,"CS17"
"H1_TKR180900697_HT3YJCCXY_L5_sc62","CS17","Head","Head_Mac3",5.05182075500488,-6.51402044296265,"CS17"
"H1_TKR180900697_HT3YJCCXY_L5_sc63","CS17","Head","Myeloblast",1.19962811470032,-2.21141171455383,"CS17"
"H1_TKR180900697_HT3YJCCXY_L5_sc65","CS17","Head","Head_Mac3",6.11248826980591,-6.22612953186035,"CS17"
"H1_TKR180900697_HT3YJCCXY_L5_sc66","CS17","Head","Skin_Mac",4.67435646057129,-3.82956767082214,"CS17"
"H1_TKR180900697_HT3YJCCXY_L5_sc67","CS17","Head","Head_Mac1",6.21595668792725,-1.63289058208466,"CS17"
"H1_TKR180900697_HT3YJCCXY_L5_sc68","CS17","Head","Head_Mac3",5.04087257385254,-5.14306688308716,"CS17"
"H1_TKR180900697_HT3YJCCXY_L5_sc69","CS17","Head","Myeloblast",0.588958144187927,-2.69620561599731,"CS17"
"H1_TKR180900697_HT3YJCCXY_L5_sc72","CS17","Head","Myeloblast",1.18668520450592,-2.37316679954529,"CS17"
"H1_TKR180900697_HT3YJCCXY_L5_sc73","CS17","Head","Skin_Mac",5.37766885757446,-0.897176027297974,"CS17"
"H1_TKR180900697_HT3YJCCXY_L5_sc74","CS17","Head","Head_Mac1",7.20219707489014,-0.715828478336334,"CS17"
"H1_TKR180900697_HT3YJCCXY_L5_sc75","CS17","Head","EMP",4.67815732955933,-2.223219871521,"CS17"
"H1_TKR180900697_HT3YJCCXY_L5_sc80","CS17","Head","Myeloblast",1.10074520111084,-2.26587986946106,"CS17"
"H1_TKR180900697_HT3YJCCXY_L5_sc81","CS17","Head","Head_Mac1",6.30859899520874,-1.3905770778656,"CS17"
"H1_TKR180900697_HT3YJCCXY_L5_sc83","CS17","Head","Myeloblast",0.360482960939407,-1.41711401939392,"CS17"
"H1_TKR180900697_HT3YJCCXY_L5_sc86","CS17","Head","Head_Mac4",5.43188953399658,-6.88911247253418,"CS17"
"H1_TKR180900697_HT3YJCCXY_L5_sc91","CS17","Head","Monocyte",4.2017297744751,-3.16761946678162,"CS17"
"H1_TKR180900697_HT3YJCCXY_L5_sc94","CS17","Head","Monocyte",3.32760190963745,-2.71694612503052,"CS17"
"YS7_TKR180900701_HT3YJCCXY_L3_sc1","CS11","YS","YS_Mac1",5.05636787414551,2.48673486709595,"CS11"
"YS7_TKR180900701_HT3YJCCXY_L3_sc2","CS11","YS","YS_Mac1",4.87239503860474,2.28071570396423,"CS11"
"YS7_TKR180900701_HT3YJCCXY_L3_sc3","CS11","YS","YS_Mac1",5.24347686767578,2.02361631393433,"CS11"
"YS7_TKR180900701_HT3YJCCXY_L3_sc4","CS11","YS","YS_Mac1",4.29542541503906,2.60800457000732,"CS11"
"YS7_TKR180900701_HT3YJCCXY_L3_sc5","CS11","YS","YS_Mac1",3.92871356010437,2.34217548370361,"CS11"
"YS7_TKR180900701_HT3YJCCXY_L3_sc6","CS11","YS","YS_Mac1",5.13123607635498,2.21593928337097,"CS11"
"YS7_TKR180900701_HT3YJCCXY_L3_sc7","CS11","YS","YS_Mac1",4.57487344741821,2.27371048927307,"CS11"
"YS7_TKR180900701_HT3YJCCXY_L3_sc8","CS11","YS","YS_Mac1",4.87495613098145,1.73087775707245,"CS11"
"YS7_TKR180900701_HT3YJCCXY_L3_sc9","CS11","YS","YS_Mac1",4.48627090454102,2.43344354629517,"CS11"
"YS7_TKR180900701_HT3YJCCXY_L3_sc11","CS11","YS","YS_Mac1",4.51047229766846,2.75826573371887,"CS11"
"YS7_TKR180900701_HT3YJCCXY_L3_sc12","CS11","YS","EMP",-5.0275502204895,-1.93255138397217,"CS11"
"YS7_TKR180900701_HT3YJCCXY_L3_sc13","CS11","YS","YS_Mac1",4.15917158126831,2.66271090507507,"CS11"
"YS7_TKR180900701_HT3YJCCXY_L3_sc16","CS11","YS","Skin_Mac",3.6787121295929,-3.51045823097229,"CS11"
"YS7_TKR180900701_HT3YJCCXY_L3_sc17","CS11","YS","Myeloblast",2.03467488288879,-2.03767585754395,"CS11"
"YS7_TKR180900701_HT3YJCCXY_L3_sc18","CS11","YS","EMP",-5.56859111785889,-1.86860823631287,"CS11"
"YS7_TKR180900701_HT3YJCCXY_L3_sc19","CS11","YS","EMP",-5.11405086517334,-1.87243258953094,"CS11"
"YS7_TKR180900701_HT3YJCCXY_L3_sc20","CS11","YS","YS_Mac1",4.80657339096069,2.18741488456726,"CS11"
"YS7_TKR180900701_HT3YJCCXY_L3_sc21","CS11","YS","EMP",-5.21250820159912,-1.90050399303436,"CS11"
"YS7_TKR180900701_HT3YJCCXY_L3_sc22","CS11","YS","YS_Mac1",4.18828868865967,2.44528436660767,"CS11"
"YS7_TKR180900701_HT3YJCCXY_L3_sc24","CS11","YS","EMP",-5.54293203353882,-1.54877281188965,"CS11"
"YS7_TKR180900701_HT3YJCCXY_L3_sc25","CS11","YS","YS_Mac1",4.75366020202637,1.49743115901947,"CS11"
"YS7_TKR180900701_HT3YJCCXY_L3_sc26","CS11","YS","EMP",-5.70641851425171,-1.16596794128418,"CS11"
"YS7_TKR180900701_HT3YJCCXY_L3_sc27","CS11","YS","YS_Mac1",5.13883018493652,2.50478839874268,"CS11"
"YS7_TKR180900701_HT3YJCCXY_L3_sc28","CS11","YS","YS_Mac1",4.57161426544189,2.34737849235535,"CS11"
"YS7_TKR180900701_HT3YJCCXY_L3_sc29","CS11","YS","YS_Mac1",5.08006143569946,2.07964968681335,"CS11"
"YS7_TKR180900701_HT3YJCCXY_L3_sc30","CS11","YS","YS_Mac1",5.28049230575562,1.36776030063629,"CS11"
"YS7_TKR180900701_HT3YJCCXY_L3_sc32","CS11","YS","YS_Mac1",4.45705127716064,2.25449705123901,"CS11"
"YS7_TKR180900701_HT3YJCCXY_L3_sc33","CS11","YS","EMP",-5.49534225463867,-1.49920332431793,"CS11"
"YS7_TKR180900701_HT3YJCCXY_L3_sc35","CS11","YS","YS_Mac1",4.90794563293457,2.61267185211182,"CS11"
"YS7_TKR180900701_HT3YJCCXY_L3_sc36","CS11","YS","YS_Mac1",4.9418773651123,2.0568163394928,"CS11"
"YS7_TKR180900701_HT3YJCCXY_L3_sc39","CS11","YS","YS_Mac1",4.89558553695679,2.59172224998474,"CS11"
"YS7_TKR180900701_HT3YJCCXY_L3_sc40","CS11","YS","Head_Mac1",3.9428653717041,1.7909768819809,"CS11"
"YS7_TKR180900701_HT3YJCCXY_L3_sc41","CS11","YS","YS_Mac1",4.8292818069458,2.68636012077332,"CS11"
"YS7_TKR180900701_HT3YJCCXY_L3_sc43","CS11","YS","YS_Mac1",4.89707517623901,2.27817916870117,"CS11"
"YS7_TKR180900701_HT3YJCCXY_L3_sc44","CS11","YS","EMP",-5.37175703048706,-1.65349888801575,"CS11"
"YS7_TKR180900701_HT3YJCCXY_L3_sc45","CS11","YS","YS_Mac1",4.55622100830078,2.79573965072632,"CS11"
"YS7_TKR180900701_HT3YJCCXY_L3_sc46","CS11","YS","YS_Mac1",4.94437599182129,2.47789311408997,"CS11"
"YS7_TKR180900701_HT3YJCCXY_L3_sc47","CS11","YS","YS_Mac1",4.77799224853516,1.62200284004211,"CS11"
"YS7_TKR180900701_HT3YJCCXY_L3_sc50","CS11","YS","YS_Mac1",4.57727766036987,2.69651913642883,"CS11"
"FL4_TKR180900708_HT3YJCCXY_L6_sc86","CS15","Liver","Myeloblast",0.945042490959167,-1.18129789829254,"CS15"
"FL4_TKR180900708_HT3YJCCXY_L6_sc87","CS15","Liver","EMP",-4.08024072647095,-1.89261865615845,"CS15"
"H2_TKR180900698_HT3YJCCXY_L5_sc6","CS15","Head","Monocyte",5.42118549346924,-2.91932559013367,"CS15"
"H2_TKR180900698_HT3YJCCXY_L5_sc66","CS15","Head","Monocyte",4.11013698577881,-3.25372624397278,"CS15"
"H2_TKR180900698_HT3YJCCXY_L5_sc70","CS15","Head","GMP",-2.14964199066162,-2.28558325767517,"CS15"
"H2_TKR180900698_HT3YJCCXY_L5_sc72","CS15","Head","Monocyte",5.28980159759521,-3.15088701248169,"CS15"
"H2_TKR180900698_HT3YJCCXY_L5_sc88","CS15","Head","Monocyte",5.07955312728882,-3.09613513946533,"CS15"
"FL1_TKR180900695_HT3YJCCXY_L4_sc4","CS17","Liver","GMP",-1.84386372566223,-2.51429891586304,"CS17"
"FL1_TKR180900695_HT3YJCCXY_L4_sc56","CS17","Liver","Myeloblast",1.07678020000458,-1.98627495765686,"CS17"
"FL1_TKR180900695_HT3YJCCXY_L4_sc59","CS17","Liver","Monocyte",7.66741037368774,-4.0664701461792,"CS17"
"FL1_TKR180900695_HT3YJCCXY_L4_sc61","CS17","Liver","Monocyte",4.26503038406372,-2.75444364547729,"CS17"
"FL1_TKR180900695_HT3YJCCXY_L4_sc62","CS17","Liver","Monocyte",4.27347660064697,-2.92861938476562,"CS17"
"FL1_TKR180900695_HT3YJCCXY_L4_sc63","CS17","Liver","Monocyte",4.17811965942383,-2.85564160346985,"CS17"
"FL1_TKR180900695_HT3YJCCXY_L4_sc66","CS17","Liver","Monocyte",4.99468803405762,-3.06536602973938,"CS17"
"FL1_TKR180900695_HT3YJCCXY_L4_sc67","CS17","Liver","Monocyte",4.6988730430603,-2.95951342582703,"CS17"
"FL1_TKR180900695_HT3YJCCXY_L4_sc73","CS17","Liver","EMP",-3.97685623168945,-1.62277603149414,"CS17"
"FL1_TKR180900695_HT3YJCCXY_L4_sc75","CS17","Liver","Myeloblast",0.460792899131775,-1.73937058448792,"CS17"
"FL1_TKR180900695_HT3YJCCXY_L4_sc78","CS17","Liver","Monocyte",3.83974242210388,-2.99404501914978,"CS17"
"FL1_TKR180900695_HT3YJCCXY_L4_sc79","CS17","Liver","GMP",-1.03498995304108,-2.2298309803009,"CS17"
"FL1_TKR180900695_HT3YJCCXY_L4_sc81","CS17","Liver","GMP",-1.24191927909851,-2.52340054512024,"CS17"
"FL1_TKR180900695_HT3YJCCXY_L4_sc83","CS17","Liver","GMP",-1.58618545532227,-2.41077136993408,"CS17"
"FL1_TKR180900695_HT3YJCCXY_L4_sc85","CS17","Liver","Monocyte",3.14730715751648,-3.02887463569641,"CS17"
"FL1_TKR180900695_HT3YJCCXY_L4_sc88","CS17","Liver","Monocyte",3.50447607040405,-2.96891927719116,"CS17"
"FL1_TKR180900695_HT3YJCCXY_L4_sc89","CS17","Liver","Myeloblast",0.548896670341492,-2.53726506233215,"CS17"
"FL1_TKR180900695_HT3YJCCXY_L4_sc91","CS17","Liver","Monocyte",4.96302366256714,-2.85871434211731,"CS17"
"M1_TKR180900702_HT3YJCCXY_L3_sc1","CS11","YS","EMP",-5.75472402572632,-1.09647035598755,"CS11"
"M1_TKR180900702_HT3YJCCXY_L3_sc2","CS11","YS","YS_Mac1",4.39412498474121,2.45824027061462,"CS11"
"M1_TKR180900702_HT3YJCCXY_L3_sc3","CS11","YS","YS_Mac1",4.94124889373779,2.41372537612915,"CS11"
"M1_TKR180900702_HT3YJCCXY_L3_sc4","CS11","YS","EMP",-5.67330169677734,-0.986035525798798,"CS11"
"M1_TKR180900702_HT3YJCCXY_L3_sc5","CS11","YS","YS_Mac1",4.74738597869873,2.67276072502136,"CS11"
"M1_TKR180900702_HT3YJCCXY_L3_sc6","CS11","YS","EMP",-5.46339178085327,-1.52758181095123,"CS11"
"M1_TKR180900702_HT3YJCCXY_L3_sc7","CS11","YS","EMP",-5.22893762588501,-1.74286222457886,"CS11"
"M1_TKR180900702_HT3YJCCXY_L3_sc8","CS11","YS","YS_Mac1",4.26566886901855,2.07431578636169,"CS11"
"M1_TKR180900702_HT3YJCCXY_L3_sc9","CS11","YS","EMP",-4.68140459060669,-1.93108999729156,"CS11"
"M1_TKR180900702_HT3YJCCXY_L3_sc11","CS11","YS","YS_Mac1",4.17343950271606,1.56781554222107,"CS11"
"M1_TKR180900702_HT3YJCCXY_L3_sc12","CS11","YS","Skin_Mac",4.06039237976074,1.62062346935272,"CS11"
"M1_TKR180900702_HT3YJCCXY_L3_sc13","CS11","YS","YS_Mac1",5.02649021148682,2.3669867515564,"CS11"
"M1_TKR180900702_HT3YJCCXY_L3_sc14","CS11","YS","YS_Mac1",4.40630388259888,2.54850268363953,"CS11"
"M1_TKR180900702_HT3YJCCXY_L3_sc15","CS11","YS","EMP",-5.79693603515625,-1.27837514877319,"CS11"
"M1_TKR180900702_HT3YJCCXY_L3_sc16","CS11","YS","YS_Mac1",3.87798929214478,1.92249274253845,"CS11"
"M1_TKR180900702_HT3YJCCXY_L3_sc17","CS11","YS","YS_Mac1",4.64201593399048,2.26285171508789,"CS11"
"M1_TKR180900702_HT3YJCCXY_L3_sc18","CS11","YS","YS_Mac1",4.02189302444458,2.06901431083679,"CS11"
"M1_TKR180900702_HT3YJCCXY_L3_sc19","CS11","YS","EMP",-5.29310464859009,-1.66742634773254,"CS11"
"M1_TKR180900702_HT3YJCCXY_L3_sc20","CS11","YS","YS_Mac1",4.74605321884155,2.43782758712769,"CS11"
"M1_TKR180900702_HT3YJCCXY_L3_sc21","CS11","YS","YS_Mac1",4.45003271102905,2.23446536064148,"CS11"
"M1_TKR180900702_HT3YJCCXY_L3_sc22","CS11","YS","YS_Mac1",4.08262968063354,2.29771113395691,"CS11"
"M1_TKR180900702_HT3YJCCXY_L3_sc24","CS11","YS","YS_Mac1",4.3649206161499,2.06133913993835,"CS11"
"M1_TKR180900702_HT3YJCCXY_L3_sc25","CS11","YS","YS_Mac1",4.5680570602417,1.67625057697296,"CS11"
"M1_TKR180900702_HT3YJCCXY_L3_sc26","CS11","YS","YS_Mac1",5.08460235595703,2.32310724258423,"CS11"
"M1_TKR180900702_HT3YJCCXY_L3_sc27","CS11","YS","Skin_Mac",4.06087398529053,1.65536761283875,"CS11"
"M1_TKR180900702_HT3YJCCXY_L3_sc28","CS11","YS","EMP",-5.23586177825928,-1.85293734073639,"CS11"
"M1_TKR180900702_HT3YJCCXY_L3_sc29","CS11","YS","Skin_Mac",3.98515009880066,1.46891939640045,"CS11"
"M1_TKR180900702_HT3YJCCXY_L3_sc30","CS11","YS","YS_Mac1",4.27009391784668,2.41042971611023,"CS11"
"M1_TKR180900702_HT3YJCCXY_L3_sc31","CS11","YS","YS_Mac1",4.99345874786377,1.71452033519745,"CS11"
"M1_TKR180900702_HT3YJCCXY_L3_sc32","CS11","YS","YS_Mac1",4.95183086395264,2.38931822776794,"CS11"
"M1_TKR180900702_HT3YJCCXY_L3_sc33","CS11","YS","YS_Mac1",4.60883903503418,2.165846824646,"CS11"
"M1_TKR180900702_HT3YJCCXY_L3_sc35","CS11","YS","YS_Mac1",4.40879917144775,2.36770224571228,"CS11"
"M1_TKR180900702_HT3YJCCXY_L3_sc36","CS11","YS","YS_Mac1",4.90812015533447,1.88786172866821,"CS11"
"M1_TKR180900702_HT3YJCCXY_L3_sc37","CS11","YS","EMP",-5.47720289230347,-0.506418287754059,"CS11"
"M1_TKR180900702_HT3YJCCXY_L3_sc38","CS11","YS","YS_Mac1",4.19736909866333,2.30496764183044,"CS11"
"M1_TKR180900702_HT3YJCCXY_L3_sc39","CS11","Head","YS_Mac1",4.13423204421997,1.77751910686493,"CS11"
"M1_TKR180900702_HT3YJCCXY_L3_sc41","CS11","Head","YS_Mac1",3.93861532211304,2.08909034729004,"CS11"
"M1_TKR180900702_HT3YJCCXY_L3_sc42","CS11","Head","YS_Mac1",4.16455173492432,2.36461901664734,"CS11"
"M1_TKR180900702_HT3YJCCXY_L3_sc43","CS11","Head","YS_Mac1",4.55040597915649,1.72892940044403,"CS11"
"M1_TKR180900702_HT3YJCCXY_L3_sc44","CS11","Head","YS_Mac1",4.01930475234985,2.44212794303894,"CS11"
"M1_TKR180900702_HT3YJCCXY_L3_sc45","CS11","Head","GMP",-1.09293377399445,-2.20848059654236,"CS11"
"M1_TKR180900702_HT3YJCCXY_L3_sc47","CS11","Head","YS_Mac1",4.07656526565552,2.19308805465698,"CS11"
"M1_TKR180900702_HT3YJCCXY_L3_sc48","CS11","Head","YS_Mac1",4.23303842544556,1.84715151786804,"CS11"
"M1_TKR180900702_HT3YJCCXY_L3_sc49","CS11","Head","YS_Mac1",3.95346713066101,2.14132499694824,"CS11"
"M1_TKR180900702_HT3YJCCXY_L3_sc50","CS11","Head","YS_Mac1",4.77263164520264,2.27909755706787,"CS11"
"YS6_TKR180900694_HT3YJCCXY_L4_sc2","CS17","YS","Monocyte",3.11663413047791,-3.25567078590393,"CS17"
"YS6_TKR180900694_HT3YJCCXY_L4_sc56","CS17","YS","Myeloblast",-0.0056391735561192,-2.90609669685364,"CS17"
"YS6_TKR180900694_HT3YJCCXY_L4_sc57","CS17","YS","Lung_Mac",7.59252309799194,-0.599281847476959,"CS17"
"YS6_TKR180900694_HT3YJCCXY_L4_sc60","CS17","YS","Blood_Mac",7.80861949920654,-3.71147179603577,"CS17"
"YS6_TKR180900694_HT3YJCCXY_L4_sc61","CS17","YS","GMP",-1.48608374595642,-2.48458003997803,"CS17"
"YS6_TKR180900694_HT3YJCCXY_L4_sc62","CS17","YS","EMP",-2.38192749023438,-2.12574028968811,"CS17"
"YS6_TKR180900694_HT3YJCCXY_L4_sc89","CS17","YS","EMP",-4.64393472671509,-1.86401522159576,"CS17"
"FL3_TKR180900711_HT3YJCCXY_L6_sc8","CS15","Liver","EMP",-2.15654993057251,-2.02891778945923,"CS15"
"FL3_TKR180900711_HT3YJCCXY_L6_sc55","CS15","Liver","GMP",-1.63200902938843,-2.16904163360596,"CS15"
"FL3_TKR180900711_HT3YJCCXY_L6_sc56","CS15","Liver","EMP",-2.45342803001404,-1.95208501815796,"CS15"
"FL3_TKR180900711_HT3YJCCXY_L6_sc61","CS15","Liver","Myeloblast",1.20352554321289,-1.24506092071533,"CS15"
"FL2_TKR180900696_HT3YJCCXY_L4_sc1","CS17","Liver","Monocyte",4.66619157791138,-3.1291515827179,"CS17"
"FL2_TKR180900696_HT3YJCCXY_L4_sc3","CS17","Liver","Myeloblast",0.025571521371603,-1.84573459625244,"CS17"
"FL2_TKR180900696_HT3YJCCXY_L4_sc7","CS17","Liver","Myeloblast",1.39481234550476,-2.83416080474854,"CS17"
"FL2_TKR180900696_HT3YJCCXY_L4_sc55","CS17","Liver","Myeloblast",0.33867359161377,-1.51505446434021,"CS17"
"FL2_TKR180900696_HT3YJCCXY_L4_sc56","CS17","Liver","Myeloblast",0.902131199836731,-2.36810445785522,"CS17"
"FL2_TKR180900696_HT3YJCCXY_L4_sc58","CS17","Liver","Myeloblast",-0.770936965942383,-2.54005932807922,"CS17"
"FL2_TKR180900696_HT3YJCCXY_L4_sc62","CS17","Liver","Myeloblast",0.422347635030746,-2.83637833595276,"CS17"
"FL2_TKR180900696_HT3YJCCXY_L4_sc66","CS17","Liver","Myeloblast",1.81954491138458,-2.99530577659607,"CS17"
"FL2_TKR180900696_HT3YJCCXY_L4_sc67","CS17","Liver","Blood_Mac",7.9669771194458,-3.91029834747314,"CS17"
"FL2_TKR180900696_HT3YJCCXY_L4_sc71","CS17","Liver","Myeloblast",-0.501660645008087,-2.68588590621948,"CS17"
"FL2_TKR180900696_HT3YJCCXY_L4_sc78","CS17","Liver","EMP",-3.7553551197052,-1.7068852186203,"CS17"
"FL2_TKR180900696_HT3YJCCXY_L4_sc81","CS17","Liver","Monocyte",4.768479347229,-2.89631533622742,"CS17"
"FL2_TKR180900696_HT3YJCCXY_L4_sc82","CS17","Liver","Monocyte",2.75240325927734,-2.99081897735596,"CS17"
"FL2_TKR180900696_HT3YJCCXY_L4_sc84","CS17","Liver","EMP",-3.38843107223511,-1.99009990692139,"CS17"
"FL2_TKR180900696_HT3YJCCXY_L4_sc86","CS17","Liver","Lung_Mac",7.58155727386475,-4.25968933105469,"CS17"
"FL2_TKR180900696_HT3YJCCXY_L4_sc89","CS17","Liver","Monocyte",2.90093016624451,-3.16451907157898,"CS17"
"FL2_TKR180900696_HT3YJCCXY_L4_sc90","CS17","Liver","Monocyte",3.04191827774048,-3.12282085418701,"CS17"
"FL2_TKR180900696_HT3YJCCXY_L4_sc91","CS17","Liver","Monocyte",3.14880514144897,-2.94614577293396,"CS17"
"FL2_TKR180900696_HT3YJCCXY_L4_sc92","CS17","Liver","Head_Mac1",5.56590127944946,-1.8619019985199,"CS17"
"B1_TKR180900709_HT3YJCCXY_L6_sc1","CS17","Blood","Myeloblast",0.620774447917938,-3.00963091850281,"CS17"
"B1_TKR180900709_HT3YJCCXY_L6_sc3","CS17","Blood","Skin_Mac",4.54062366485596,-3.65002465248108,"CS17"
"B1_TKR180900709_HT3YJCCXY_L6_sc5","CS17","Blood","Myeloblast",2.23969388008118,-3.19976019859314,"CS17"
"B1_TKR180900709_HT3YJCCXY_L6_sc55","CS17","Blood","Myeloblast",2.31907105445862,-1.91855788230896,"CS17"
"B1_TKR180900709_HT3YJCCXY_L6_sc61","CS17","Blood","EMP",-4.10003614425659,-2.0491898059845,"CS17"
"B1_TKR180900709_HT3YJCCXY_L6_sc67","CS17","Blood","Myeloblast",2.50364065170288,-2.02996969223022,"CS17"
"B1_TKR180900709_HT3YJCCXY_L6_sc80","CS17","Blood","EMP",-2.18382859230042,-2.2404625415802,"CS17"
"B1_TKR180900709_HT3YJCCXY_L6_sc87","CS17","Blood","Myeloblast",0.810524940490723,-3.01433849334717,"CS17"
"B1_TKR180900709_HT3YJCCXY_L6_sc89","CS17","Blood","EMP",-2.90673756599426,-2.02991604804993,"CS17"
"FL7_TKR181200323_sc49","CS12","Liver","Blood_Mac",7.49432706832886,-2.74991059303284,"CS12"
"FL7_TKR181200323_sc50","CS12","Liver","Head_Mac1",7.56009674072266,-2.07637572288513,"CS12"
"FL7_TKR181200323_sc51","CS12","Liver","Head_Mac1",5.78334760665894,-1.64846253395081,"CS12"
"FL7_TKR181200323_sc52","CS12","Liver","Head_Mac1",5.8341178894043,-1.48378193378448,"CS12"
"FL7_TKR181200323_sc53","CS12","Liver","Myeloblast",1.10308980941772,-1.7089319229126,"CS12"
"FL7_TKR181200323_sc54","CS12","Liver","Myeloblast",1.57482361793518,-2.00514769554138,"CS12"
"FL7_TKR181200323_sc55","CS12","Liver","Myeloblast",0.551459193229675,-1.98797821998596,"CS12"
"FL7_TKR181200323_sc57","CS12","Liver","EMP",-4.15572786331177,-0.530653357505798,"CS12"
"FL7_TKR181200323_sc59","CS12","Liver","Myeloblast",2.1378128528595,-2.26926016807556,"CS12"
"FL7_TKR181200323_sc60","CS12","Liver","Head_Mac1",6.68046140670776,-2.21647500991821,"CS12"
"FL7_TKR181200323_sc61","CS12","Liver","Myeloblast",2.14765477180481,-2.94216418266296,"CS12"
"FL7_TKR181200323_sc62","CS12","Liver","Head_Mac2",2.59067559242249,-2.44203996658325,"CS12"
"FL7_TKR181200323_sc63","CS12","Liver","Blood_Mac",7.50893974304199,-2.91188049316406,"CS12"
"FL7_TKR181200323_sc66","CS12","Liver","Myeloblast",2.09935832023621,-2.69261741638184,"CS12"
"FL7_TKR181200323_sc67","CS12","Liver","Head_Mac1",2.53520536422729,-3.41402912139893,"CS12"
"FL7_TKR181200323_sc68","CS12","Liver","Myeloblast",1.81721222400665,-3.21560573577881,"CS12"
"FL7_TKR181200323_sc69","CS12","Liver","Myeloblast",2.51462173461914,-2.49536323547363,"CS12"
"FL7_TKR181200323_sc70","CS12","Liver","Head_Mac1",5.87886810302734,-1.4100250005722,"CS12"
"FL7_TKR181200323_sc71","CS12","Liver","Myeloblast",1.08743393421173,-2.50794458389282,"CS12"
"FL7_TKR181200323_sc72","CS12","Liver","Myeloblast",1.01633620262146,-3.12193775177002,"CS12"
"FL7_TKR181200323_sc73","CS12","Liver","Myeloblast",-0.479632914066315,-2.6013867855072,"CS12"
"FL7_TKR181200323_sc74","CS12","Liver","Blood_Mac",8.41926765441895,-2.84391188621521,"CS12"
"FL7_TKR181200323_sc76","CS12","Liver","Myeloblast",1.75712597370148,-2.19045090675354,"CS12"
"FL7_TKR181200323_sc77","CS12","Liver","Head_Mac1",2.53195738792419,-3.17831110954285,"CS12"
"FL7_TKR181200323_sc78","CS12","Liver","Myeloblast",0.930186688899994,-2.1830313205719,"CS12"
"FL7_TKR181200323_sc79","CS12","Liver","GMP",0.0193247273564339,-1.54571080207825,"CS12"
"FL7_TKR181200323_sc80","CS12","Liver","EMP",-4.40224266052246,-1.06957161426544,"CS12"
"FL7_TKR181200323_sc81","CS12","Liver","Myeloblast",1.8247846364975,-3.15566515922546,"CS12"
"FL7_TKR181200323_sc82","CS12","Liver","Head_Mac2",5.96746587753296,-3.32381629943848,"CS12"
"FL7_TKR181200323_sc84","CS12","Liver","EMP",-3.5070583820343,-1.56482815742493,"CS12"
"FL7_TKR181200323_sc86","CS12","Liver","Myeloblast",2.117356300354,-3.00560307502747,"CS12"
"FL7_TKR181200323_sc87","CS12","Liver","Myeloblast",1.85211706161499,-2.78788018226624,"CS12"
"FL7_TKR181200323_sc88","CS12","Liver","Blood_Mac",8.07576942443848,-2.41543292999268,"CS12"
"FL7_TKR181200323_sc89","CS12","Liver","Head_Mac1",6.24075937271118,-1.66833102703094,"CS12"
"FL7_TKR181200323_sc90","CS12","Liver","EMP",-3.14675807952881,-1.64639890193939,"CS12"
"FL7_TKR181200323_sc91","CS12","Liver","Head_Mac1",6.1179370880127,-2.28055787086487,"CS12"
"FL7_TKR181200323_sc92","CS12","Liver","Myeloblast",2.34623694419861,-3.20337414741516,"CS12"
"FL7_TKR181200323_sc93","CS12","Liver","Head_Mac1",2.75222277641296,-2.9133985042572,"CS12"
"FL7_TKR181200323_sc94","CS12","Liver","Myeloblast",2.14482927322388,-2.37907648086548,"CS12"
"FL7_TKR181200323_sc95","CS12","Liver","Myeloblast",0.459094882011414,-3.03136944770813,"CS12"
"FL7_TKR181200323_sc96","CS12","Liver","Head_Mac1",6.02033853530884,-2.12078428268433,"CS12"
"YS9_TKR181200321_sc1","CS12","YS","YS_Mac2",8.55049800872803,-1.46845841407776,"CS12"
"YS9_TKR181200321_sc2","CS12","YS","Head_Mac1",6.62725925445557,-1.93319261074066,"CS12"
"YS9_TKR181200321_sc4","CS12","YS","Head_Mac1",6.5106987953186,-1.81828284263611,"CS12"
"YS9_TKR181200321_sc7","CS12","YS","EMP",-4.33651304244995,-0.388874232769012,"CS12"
"YS9_TKR181200321_sc9","CS12","YS","Head_Mac1",6.6837363243103,-1.51055514812469,"CS12"
"YS9_TKR181200321_sc10","CS12","YS","Head_Mac1",6.36597204208374,-1.64911901950836,"CS12"
"YS9_TKR181200321_sc11","CS12","YS","EMP",-4.59050798416138,-0.393111258745193,"CS12"
"YS9_TKR181200321_sc13","CS12","YS","EMP",-3.4605438709259,-1.27416336536407,"CS12"
"YS9_TKR181200321_sc14","CS12","YS","Head_Mac1",6.26613426208496,-1.77589738368988,"CS12"
"YS9_TKR181200321_sc15","CS12","YS","EMP",-4.13848161697388,-1.26965403556824,"CS12"
"YS9_TKR181200321_sc16","CS12","YS","YS_Mac2",7.78094625473022,-0.881060361862183,"CS12"
"YS9_TKR181200321_sc17","CS12","YS","EMP",-4.0435733795166,-0.635601401329041,"CS12"
"YS9_TKR181200321_sc20","CS12","YS","EMP",-4.48853445053101,-0.399644672870636,"CS12"
"YS9_TKR181200321_sc21","CS12","YS","EMP",-4.2831711769104,-0.617722570896149,"CS12"
"YS9_TKR181200321_sc22","CS12","YS","EMP",-4.41260623931885,-0.50032651424408,"CS12"
"YS9_TKR181200321_sc26","CS12","YS","Head_Mac1",6.53697633743286,-1.94442522525787,"CS12"
"YS9_TKR181200321_sc27","CS12","YS","Head_Mac1",7.01158237457275,-0.959550678730011,"CS12"
"YS9_TKR181200321_sc28","CS12","YS","EMP",-4.12630319595337,-0.942859530448914,"CS12"
"YS9_TKR181200321_sc30","CS12","YS","EMP",-4.1547155380249,-0.441805303096771,"CS12"
"YS9_TKR181200321_sc32","CS12","YS","EMP",-4.12831878662109,-0.442064434289932,"CS12"
"YS9_TKR181200321_sc33","CS12","YS","EMP",-4.02370309829712,-0.769897878170013,"CS12"
"YS9_TKR181200321_sc37","CS12","YS","EMP",-4.16463708877563,-1.02997124195099,"CS12"
"YS9_TKR181200321_sc38","CS12","YS","EMP",-4.46451616287231,-0.430596023797989,"CS12"
"YS9_TKR181200321_sc40","CS12","YS","Head_Mac1",7.09278011322021,-2.07025456428528,"CS12"
"YS9_TKR181200321_sc41","CS12","YS","EMP",-5.05503702163696,-0.368026703596115,"CS12"
"YS9_TKR181200321_sc42","CS12","YS","EMP",-4.91359710693359,-1.0930780172348,"CS12"
"YS9_TKR181200321_sc44","CS12","YS","Monocyte",5.62178468704224,-2.81360077857971,"CS12"
"YS9_TKR181200321_sc45","CS12","YS","EMP",-4.5455174446106,-0.624271631240845,"CS12"
"YS9_TKR181200321_sc47","CS12","YS","EMP",-4.16713285446167,-0.60599422454834,"CS12"
"H6_TKR181200322_sc50","CS12","Head","Head_Mac1",6.84146499633789,-0.741141974925995,"CS12"
"H6_TKR181200322_sc51","CS12","Head","Head_Mac1",5.68998908996582,-1.51901721954346,"CS12"
"H6_TKR181200322_sc52","CS12","Head","Head_Mac1",5.93261432647705,-1.34479892253876,"CS12"
"H6_TKR181200322_sc53","CS12","Head","Head_Mac1",6.49364137649536,-0.618379831314087,"CS12"
"H6_TKR181200322_sc54","CS12","Head","Head_Mac1",6.59959506988525,-0.896069705486298,"CS12"
"H6_TKR181200322_sc55","CS12","Head","GMP",-0.438634157180786,-2.11973571777344,"CS12"
"H6_TKR181200322_sc56","CS12","Head","Head_Mac1",6.43077802658081,-1.66013824939728,"CS12"
"H6_TKR181200322_sc57","CS12","Head","Head_Mac1",7.12061071395874,-0.697796404361725,"CS12"
"H6_TKR181200322_sc58","CS12","Head","Head_Mac1",6.76970434188843,-1.26315724849701,"CS12"
"H6_TKR181200322_sc59","CS12","Head","Myeloblast",2.30219674110413,-1.83555543422699,"CS12"
"H6_TKR181200322_sc62","CS12","Head","Head_Mac1",6.06489086151123,-1.56711709499359,"CS12"
"H6_TKR181200322_sc64","CS12","Head","Head_Mac1",7.1015477180481,-0.830713629722595,"CS12"
"H6_TKR181200322_sc65","CS12","Head","Head_Mac1",6.71355724334717,-0.722726821899414,"CS12"
"H6_TKR181200322_sc67","CS12","Head","Myeloblast",1.80546915531158,-2.07028579711914,"CS12"
"H6_TKR181200322_sc69","CS12","Head","Head_Mac1",6.51797199249268,-0.961256623268127,"CS12"
"H6_TKR181200322_sc70","CS12","Head","Head_Mac1",6.2205023765564,-0.960955142974854,"CS12"
"H6_TKR181200322_sc74","CS12","Head","Head_Mac1",6.3670597076416,-1.41727125644684,"CS12"
"H6_TKR181200322_sc75","CS12","Head","Head_Mac1",6.8975625038147,-0.947771847248077,"CS12"
"H6_TKR181200322_sc76","CS12","Head","Head_Mac1",6.51278209686279,-1.15109467506409,"CS12"
"H6_TKR181200322_sc79","CS12","Head","Myeloblast",1.71348023414612,-1.63534879684448,"CS12"
"H6_TKR181200322_sc81","CS12","Head","Head_Mac1",6.21602249145508,-0.831782042980194,"CS12"
"H6_TKR181200322_sc82","CS12","Head","Head_Mac1",6.22783946990967,-1.81040811538696,"CS12"
"H6_TKR181200322_sc83","CS12","Head","Myeloblast",1.09233736991882,-2.8634512424469,"CS12"
"H6_TKR181200322_sc84","CS12","Head","Myeloblast",1.65273809432983,-3.06192374229431,"CS12"
"H6_TKR181200322_sc85","CS12","Head","Head_Mac1",7.02741765975952,-1.35506916046143,"CS12"
"H6_TKR181200322_sc87","CS12","Head","GMP",0.0731841996312141,-2.09914994239807,"CS12"
"H6_TKR181200322_sc88","CS12","Head","EMP",-3.54409170150757,-1.69395232200623,"CS12"
"H6_TKR181200322_sc89","CS12","Head","Head_Mac1",6.48100709915161,-0.578977167606354,"CS12"
"H6_TKR181200322_sc90","CS12","Head","Head_Mac1",6.5789794921875,-1.03612983226776,"CS12"
"H6_TKR181200322_sc91","CS12","Head","GMP",-1.16898190975189,-2.44158744812012,"CS12"
"H6_TKR181200322_sc92","CS12","Head","Head_Mac1",6.72311496734619,-0.735005974769592,"CS12"
"H6_TKR181200322_sc93","CS12","Head","Head_Mac1",6.31657838821411,-1.08498346805573,"CS12"
"H6_TKR181200322_sc95","CS12","Head","Myeloblast",0.386574327945709,-2.77275705337524,"CS12"
"B3_TKR181100057_sc3","CS13","Head","Head_Mac1",6.21787881851196,-0.709084331989288,"CS13"
"B3_TKR181100057_sc4","CS13","Head","Head_Mac1",5.76893901824951,-0.716588795185089,"CS13"
"B3_TKR181100057_sc5","CS13","Head","GMP",-0.706995069980621,-2.35371851921082,"CS13"
"B3_TKR181100057_sc7","CS13","Head","Myeloblast",1.24221169948578,-2.6299159526825,"CS13"
"B3_TKR181100057_sc9","CS13","Head","Head_Mac1",5.74461364746094,-0.322820901870728,"CS13"
"B3_TKR181100057_sc10","CS13","Head","Head_Mac1",6.28764724731445,-0.78463351726532,"CS13"
"B3_TKR181100057_sc14","CS13","Head","Head_Mac1",5.65290403366089,-1.28245162963867,"CS13"
"B3_TKR181100057_sc15","CS13","Head","Myeloblast",1.96187055110931,-2.71802687644958,"CS13"
"B3_TKR181100057_sc16","CS13","Head","Head_Mac1",6.21635055541992,-1.09969532489777,"CS13"
"B3_TKR181100057_sc20","CS13","Head","Head_Mac1",5.59742593765259,-0.988789975643158,"CS13"
"B3_TKR181100057_sc26","CS13","Head","Head_Mac1",5.94224452972412,-0.72769820690155,"CS13"
"B3_TKR181100057_sc29","CS13","Head","Head_Mac1",6.10064125061035,-0.795633494853973,"CS13"
"B3_TKR181100057_sc30","CS13","Head","Head_Mac1",6.26806354522705,-0.550025582313538,"CS13"
"B3_TKR181100057_sc35","CS13","Head","Head_Mac1",6.12413549423218,-0.633554637432098,"CS13"
"B3_TKR181100057_sc43","CS13","Head","Head_Mac1",6.22277116775513,-0.614030301570892,"CS13"
"B3_TKR181100057_sc46","CS13","Head","Head_Mac1",6.76986074447632,-0.929364621639252,"CS13"
"B3_TKR181100057_sc47","CS13","Head","Myeloblast",1.5838280916214,-2.45732355117798,"CS13"
"YS8_TKR181100059_sc49","CS13","YS","EMP",-4.94994497299194,-0.701556801795959,"CS13"
"YS8_TKR181100059_sc50","CS13","YS","EMP",-4.77511072158813,-0.935928285121918,"CS13"
"YS8_TKR181100059_sc51","CS13","YS","EMP",-5.57319784164429,-0.702334463596344,"CS13"
"YS8_TKR181100059_sc52","CS13","YS","EMP",-5.35492992401123,-0.334416419267654,"CS13"
"YS8_TKR181100059_sc53","CS13","YS","EMP",-4.95887136459351,-0.509476602077484,"CS13"
"YS8_TKR181100059_sc54","CS13","YS","EMP",-5.04624652862549,-0.924737095832825,"CS13"
"YS8_TKR181100059_sc55","CS13","YS","EMP",-4.82760047912598,-0.475313067436218,"CS13"
"YS8_TKR181100059_sc58","CS13","YS","EMP",-5.19067478179932,-0.654646337032318,"CS13"
"YS8_TKR181100059_sc61","CS13","YS","EMP",-5.04552364349365,-0.603571355342865,"CS13"
"YS8_TKR181100059_sc62","CS13","YS","EMP",-5.55161571502686,-0.461584508419037,"CS13"
"YS8_TKR181100059_sc64","CS13","YS","EMP",-5.23528814315796,-0.79216992855072,"CS13"
"YS8_TKR181100059_sc65","CS13","YS","EMP",-5.20047283172607,-0.918382704257965,"CS13"
"YS8_TKR181100059_sc66","CS13","YS","EMP",-5.33319854736328,-0.60956746339798,"CS13"
"YS8_TKR181100059_sc67","CS13","YS","EMP",-5.59272003173828,-0.496515363454819,"CS13"
"YS8_TKR181100059_sc68","CS13","YS","EMP",-4.92588520050049,-0.64640748500824,"CS13"
"YS8_TKR181100059_sc70","CS13","YS","EMP",-5.17577266693115,-0.559993505477905,"CS13"
"YS8_TKR181100059_sc71","CS13","YS","EMP",-5.43427896499634,-0.556998014450073,"CS13"
"YS8_TKR181100059_sc72","CS13","YS","EMP",-5.1177978515625,-0.460393339395523,"CS13"
"YS8_TKR181100059_sc74","CS13","YS","EMP",-3.03401398658752,-1.84047329425812,"CS13"
"YS8_TKR181100059_sc75","CS13","YS","EMP",-5.4963059425354,-0.65132600069046,"CS13"
"YS8_TKR181100059_sc77","CS13","YS","Myeloblast",1.11167323589325,-2.85769963264465,"CS13"
"YS8_TKR181100059_sc79","CS13","YS","EMP",-4.77227067947388,-0.683304607868195,"CS13"
"YS8_TKR181100059_sc82","CS13","YS","EMP",-3.47023868560791,-1.57538318634033,"CS13"
"YS8_TKR181100059_sc83","CS13","YS","EMP",-5.003014087677,-0.960644781589508,"CS13"
"YS8_TKR181100059_sc84","CS13","YS","EMP",-4.88626861572266,-1.17425072193146,"CS13"
"YS8_TKR181100059_sc86","CS13","YS","EMP",-5.46804714202881,-0.554463684558868,"CS13"
"YS8_TKR181100059_sc88","CS13","YS","EMP",-4.74173831939697,-0.809939682483673,"CS13"
"YS8_TKR181100059_sc90","CS13","YS","EMP",-5.2399263381958,-0.571892976760864,"CS13"
"YS8_TKR181100059_sc91","CS13","YS","EMP",-4.64429712295532,-1.14454972743988,"CS13"
"YS8_TKR181100059_sc92","CS13","YS","EMP",-4.97218751907349,-0.785461783409119,"CS13"
"YS8_TKR181100059_sc93","CS13","YS","EMP",-4.71568536758423,-1.09754323959351,"CS13"
"YS8_TKR181100059_sc95","CS13","YS","EMP",-5.17815065383911,-0.483981132507324,"CS13"
"YS8_TKR181100059_sc96","CS13","YS","EMP",-4.88409805297852,-0.797205567359924,"CS13"
"H4_TKR181100060_sc49","CS13","Blood","EMP",-4.45714616775513,-1.09778106212616,"CS13"
"H4_TKR181100060_sc50","CS13","Blood","EMP",-3.15756034851074,-1.90744090080261,"CS13"
"H4_TKR181100060_sc51","CS13","Blood","YS_Mac1",4.79074954986572,1.43905329704285,"CS13"
"H4_TKR181100060_sc52","CS13","Blood","EMP",-4.85372686386108,-0.670073568820953,"CS13"
"H4_TKR181100060_sc54","CS13","Blood","Myeloblast",1.32271587848663,-3.13732600212097,"CS13"
"H4_TKR181100060_sc56","CS13","Blood","Myeloblast",1.51321125030518,-2.7717616558075,"CS13"
"H4_TKR181100060_sc59","CS13","Blood","EMP",-3.87893724441528,-1.42300033569336,"CS13"
"H4_TKR181100060_sc61","CS13","Blood","EMP",-3.39590263366699,-1.54221177101135,"CS13"
"H4_TKR181100060_sc66","CS13","Blood","EMP",-3.40166974067688,-1.81038522720337,"CS13"
"H4_TKR181100060_sc68","CS13","Blood","EMP",-3.54340767860413,-1.50012826919556,"CS13"
"H4_TKR181100060_sc69","CS13","Blood","Myeloblast",1.56374645233154,-2.33839988708496,"CS13"
"FL5_TKR181100053_sc1","CS23","Liver","Liver_Mac",8.03208923339844,-4.39586400985718,"others"
"FL5_TKR181100053_sc3","CS23","Liver","Myeloblast",1.30651485919952,-1.78981387615204,"others"
"FL5_TKR181100053_sc4","CS23","Liver","Monocyte",3.54897165298462,-2.73733472824097,"others"
"FL5_TKR181100053_sc5","CS23","Liver","Lung_Mac",7.88313770294189,-4.24118518829346,"others"
"FL5_TKR181100053_sc6","CS23","Liver","Monocyte",3.75084400177002,-2.63431358337402,"others"
"FL5_TKR181100053_sc10","CS23","Liver","Monocyte",4.12213373184204,-2.82720327377319,"others"
"FL5_TKR181100053_sc11","CS23","Liver","Monocyte",3.77322316169739,-2.62415528297424,"others"
"FL5_TKR181100053_sc12","CS23","Liver","Monocyte",4.16393947601318,-2.69977688789368,"others"
"FL5_TKR181100053_sc15","CS23","Liver","Monocyte",2.8334059715271,-2.88546872138977,"others"
"FL5_TKR181100053_sc17","CS23","Liver","Liver_Mac",7.96402072906494,-4.53136253356934,"others"
"FL5_TKR181100053_sc18","CS23","Liver","Liver_Mac",8.074951171875,-4.52270269393921,"others"
"FL5_TKR181100053_sc19","CS23","Liver","Monocyte",4.07505750656128,-2.90426325798035,"others"
"FL5_TKR181100053_sc22","CS23","Liver","Liver_Mac",7.78531360626221,-4.38888120651245,"others"
"FL5_TKR181100053_sc24","CS23","Liver","Liver_Mac",7.94809341430664,-4.44468402862549,"others"
"FL5_TKR181100053_sc26","CS23","Liver","Myeloblast",1.23868930339813,-2.65868639945984,"others"
"FL5_TKR181100053_sc28","CS23","Liver","Liver_Mac",7.96866607666016,-4.42986154556274,"others"
"FL5_TKR181100053_sc35","CS23","Liver","Monocyte",7.59567546844482,-4.41893720626831,"others"
"FL5_TKR181100053_sc37","CS23","Liver","Monocyte",3.7719886302948,-2.77302742004395,"others"
"FL5_TKR181100053_sc38","CS23","Liver","Liver_Mac",7.91560506820679,-4.49241209030151,"others"
"FL5_TKR181100053_sc40","CS23","Liver","Myeloblast",0.839625179767609,-2.32242965698242,"others"
"FL5_TKR181100053_sc43","CS23","Liver","Myeloblast",0.786558091640472,-1.59140145778656,"others"
"FL5_TKR181100053_sc44","CS23","Liver","Monocyte",3.910808801651,-2.66998744010925,"others"
"FL5_TKR181100053_sc47","CS23","Liver","Monocyte",3.09025597572327,-2.68905448913574,"others"
"FL5_TKR181100053_sc48","CS23","Liver","Myeloblast",0.846535980701447,-2.49657154083252,"others"
"FL5_TKR181100053_sc49","CS23","Liver","Myeloblast",0.783632338047028,-2.5131995677948,"others"
"FL5_TKR181100053_sc50","CS23","Liver","Myeloblast",1.05496656894684,-2.05060029029846,"others"
"H3_TKR181100051_sc1","CS23","Head","Head_Mac4",6.07064390182495,-7.18982124328613,"others"
"H3_TKR181100051_sc2","CS23","Head","Head_Mac4",5.46395254135132,-7.45909786224365,"others"
"H3_TKR181100051_sc3","CS23","Head","Head_Mac4",5.45800399780273,-7.44947338104248,"others"
"H3_TKR181100051_sc4","CS23","Head","Head_Mac4",6.34503555297852,-7.4245777130127,"others"
"H3_TKR181100051_sc6","CS23","Head","Head_Mac4",6.38964891433716,-7.62235164642334,"others"
"H3_TKR181100051_sc10","CS23","Head","GMP",-0.531985104084015,-2.31951451301575,"others"
"H3_TKR181100051_sc13","CS23","Head","Head_Mac4",5.82786273956299,-6.77351045608521,"others"
"H3_TKR181100051_sc14","CS23","Head","Head_Mac4",5.48615217208862,-7.42465782165527,"others"
"H3_TKR181100051_sc15","CS23","Head","Head_Mac4",6.25903844833374,-7.59251308441162,"others"
"H3_TKR181100051_sc17","CS23","Head","Head_Mac4",5.36288118362427,-7.28895616531372,"others"
"H3_TKR181100051_sc18","CS23","Head","Head_Mac4",6.25267791748047,-7.58515882492065,"others"
"H3_TKR181100051_sc19","CS23","Head","Head_Mac4",6.28173971176147,-7.6966667175293,"others"
"H3_TKR181100051_sc22","CS23","Head","Head_Mac4",6.40833139419556,-7.48443555831909,"others"
"H3_TKR181100051_sc25","CS23","Head","Head_Mac4",5.36659145355225,-7.17403173446655,"others"
"H3_TKR181100051_sc26","CS23","Head","Head_Mac4",5.47620248794556,-7.48261880874634,"others"
"H3_TKR181100051_sc28","CS23","Head","Head_Mac4",6.35955953598022,-7.55871295928955,"others"
"H3_TKR181100051_sc30","CS23","Head","Head_Mac4",5.05178833007812,-6.78365421295166,"others"
"H3_TKR181100051_sc31","CS23","Head","Head_Mac4",6.10641002655029,-7.4716854095459,"others"
"H3_TKR181100051_sc32","CS23","Head","Head_Mac4",5.51168918609619,-7.37031888961792,"others"
"H3_TKR181100051_sc35","CS23","Head","Head_Mac4",5.30453872680664,-7.35368537902832,"others"
"H3_TKR181100051_sc37","CS23","Head","Head_Mac4",5.107834815979,-7.01784229278564,"others"
"H3_TKR181100051_sc38","CS23","Head","Head_Mac4",5.2866153717041,-7.19475269317627,"others"
"H3_TKR181100051_sc39","CS23","Head","Head_Mac4",5.62856721878052,-7.05667686462402,"others"
"H3_TKR181100051_sc40","CS23","Head","Head_Mac4",5.92818021774292,-7.55763149261475,"others"
"H3_TKR181100051_sc41","CS23","Head","Head_Mac4",5.59146785736084,-7.36066150665283,"others"
"H3_TKR181100051_sc42","CS23","Head","Head_Mac4",5.86672115325928,-7.16961526870728,"others"
"H3_TKR181100051_sc43","CS23","Head","Head_Mac4",5.01968574523926,-6.85284852981567,"others"
"H3_TKR181100051_sc44","CS23","Head","Head_Mac4",5.55614233016968,-7.33798742294312,"others"
"H3_TKR181100051_sc45","CS23","Head","Head_Mac4",5.53073883056641,-7.4676947593689,"others"
"H3_TKR181100051_sc47","CS23","Head","Head_Mac4",6.29200601577759,-7.5340781211853,"others"
"H3_TKR181100051_sc48","CS23","Head","Head_Mac4",5.20002698898315,-7.07304430007935,"others"
"H3_TKR181100051_sc49","CS23","Head","Head_Mac4",5.29800987243652,-7.1889009475708,"others"
"H3_TKR181100051_sc50","CS23","Head","Head_Mac4",6.19368362426758,-7.71190500259399,"others"
"L1_TKR181100052_sc1","CS23","Lung","Lung_Mac",7.07502555847168,-0.345420002937317,"others"
"L1_TKR181100052_sc2","CS23","Lung","Lung_Mac",7.37934923171997,-0.159122943878174,"others"
"L1_TKR181100052_sc3","CS23","Lung","Lung_Mac",6.12877988815308,-0.406067341566086,"others"
"L1_TKR181100052_sc5","CS23","Lung","Lung_Mac",6.41269397735596,0.295006960630417,"others"
"L1_TKR181100052_sc9","CS23","Lung","Lung_Mac",8.11720752716064,0.181723654270172,"others"
"L1_TKR181100052_sc10","CS23","Lung","Lung_Mac",7.90040922164917,0.625342607498169,"others"
"L1_TKR181100052_sc13","CS23","Lung","Lung_Mac",7.62039089202881,0.631237685680389,"others"
"L1_TKR181100052_sc14","CS23","Lung","Lung_Mac",7.92349529266357,0.486453026533127,"others"
"L1_TKR181100052_sc17","CS23","Lung","Lung_Mac",8.16883277893066,0.0448711141943932,"others"
"L1_TKR181100052_sc18","CS23","Lung","Lung_Mac",7.83271360397339,0.690799832344055,"others"
"L1_TKR181100052_sc20","CS23","Lung","Lung_Mac",8.05234241485596,0.685213685035706,"others"
"L1_TKR181100052_sc21","CS23","Lung","Lung_Mac",7.89225053787231,0.670048654079437,"others"
"L1_TKR181100052_sc25","CS23","Lung","Lung_Mac",6.56441402435303,-0.161146700382233,"others"
"L1_TKR181100052_sc26","CS23","Lung","Lung_Mac",8.11487770080566,-0.137030705809593,"others"
"L1_TKR181100052_sc28","CS23","Lung","Lung_Mac",7.83131885528564,0.845480442047119,"others"
"L1_TKR181100052_sc29","CS23","Lung","Lung_Mac",8.08535194396973,0.173978075385094,"others"
"L1_TKR181100052_sc31","CS23","Lung","Lung_Mac",7.24875593185425,0.0300767552107573,"others"
"L1_TKR181100052_sc32","CS23","Lung","Lung_Mac",7.16300296783447,-0.34000563621521,"others"
"L1_TKR181100052_sc33","CS23","Lung","Head_Mac1",7.12554025650024,-1.21233415603638,"others"
"L1_TKR181100052_sc37","CS23","Lung","Lung_Mac",6.39824151992798,-0.46227702498436,"others"
"L1_TKR181100052_sc38","CS23","Lung","Lung_Mac",5.73265361785889,-0.963494539260864,"others"
"L1_TKR181100052_sc39","CS23","Lung","Lung_Mac",7.86835718154907,0.779181361198425,"others"
"L1_TKR181100052_sc40","CS23","Lung","Monocyte",4.65763521194458,-2.21316599845886,"others"
"L1_TKR181100052_sc41","CS23","Lung","Lung_Mac",7.3535737991333,0.66198605298996,"others"
"L1_TKR181100052_sc42","CS23","Lung","Head_Mac1",6.25198268890381,-1.6497358083725,"others"
"L1_TKR181100052_sc44","CS23","Lung","Lung_Mac",6.30509996414185,-0.0881402939558029,"others"
"L1_TKR181100052_sc45","CS23","Lung","Lung_Mac",8.10860061645508,0.121879704296589,"others"
"L1_TKR181100052_sc47","CS23","Lung","Lung_Mac",7.606614112854,0.611198782920837,"others"
"L1_TKR181100052_sc48","CS23","Lung","Lung_Mac",7.66219472885132,0.341730684041977,"others"
"L1_TKR181100052_sc49","CS23","Lung","Lung_Mac",8.04757881164551,-0.168688356876373,"others"
"SK1_TKR181100054_sc2","CS23","Skin","Myeloblast",2.48010039329529,-1.14367163181305,"others"
"SK1_TKR181100054_sc3","CS23","Skin","Myeloblast",1.58540380001068,-1.13430428504944,"others"
"SK1_TKR181100054_sc7","CS23","Skin","Lung_Mac",5.52815008163452,-0.0763777270913124,"others"
"SK1_TKR181100054_sc8","CS23","Skin","Skin_Mac",3.3193781375885,-0.901115477085114,"others"
"SK1_TKR181100054_sc10","CS23","Skin","Myeloblast",1.94131910800934,-1.38622486591339,"others"
"SK1_TKR181100054_sc12","CS23","Skin","Skin_Mac",3.05899095535278,-1.19049775600433,"others"
"SK1_TKR181100054_sc13","CS23","Skin","Head_Mac2",5.46735382080078,0.208400458097458,"others"
"SK1_TKR181100054_sc14","CS23","Skin","Skin_Mac",2.97963047027588,-1.9353746175766,"others"
"SK1_TKR181100054_sc15","CS23","Skin","Lung_Mac",5.19441652297974,0.161213427782059,"others"
"SK1_TKR181100054_sc17","CS23","Skin","Head_Mac3",5.12401819229126,-6.43387269973755,"others"
"SK1_TKR181100054_sc18","CS23","Skin","Myeloblast",1.82668709754944,-1.32345235347748,"others"
"SK1_TKR181100054_sc19","CS23","Skin","Lung_Mac",5.40909481048584,0.220338732004166,"others"
"SK1_TKR181100054_sc20","CS23","Skin","Myeloblast",1.43121123313904,-1.53106200695038,"others"
"SK1_TKR181100054_sc21","CS23","Skin","Skin_Mac",3.12805581092834,-1.58902442455292,"others"
"SK1_TKR181100054_sc22","CS23","Skin","Skin_Mac",3.45498633384705,-1.77877759933472,"others"
"SK1_TKR181100054_sc24","CS23","Skin","Skin_Mac",3.44351053237915,-1.92209446430206,"others"
"SK1_TKR181100054_sc25","CS23","Skin","Skin_Mac",3.41407227516174,-1.10489726066589,"others"
"SK1_TKR181100054_sc27","CS23","Skin","Myeloblast",2.8519446849823,-1.83711171150208,"others"
"SK1_TKR181100054_sc30","CS23","Skin","Myeloblast",2.35951852798462,-1.31018376350403,"others"
"SK1_TKR181100054_sc35","CS23","Skin","Skin_Mac",2.8948187828064,-1.12929284572601,"others"
"SK1_TKR181100054_sc36","CS23","Skin","Skin_Mac",3.28368830680847,-1.59155738353729,"others"
"SK1_TKR181100054_sc37","CS23","Skin","Myeloblast",1.84702551364899,-1.29971563816071,"others"
"SK1_TKR181100054_sc38","CS23","Skin","Skin_Mac",3.24529457092285,-0.99103057384491,"others"
"SK1_TKR181100054_sc40","CS23","Skin","Myeloblast",1.67778563499451,-1.41495442390442,"others"
"SK1_TKR181100054_sc41","CS23","Skin","Myeloblast",2.02687549591064,-1.30852198600769,"others"
"SK1_TKR181100054_sc42","CS23","Skin","Lung_Mac",5.29503393173218,-0.0146203218027949,"others"
"SK1_TKR181100054_sc43","CS23","Skin","Monocyte",3.20612978935242,-2.34791827201843,"others"
"SK1_TKR181100054_sc44","CS23","Skin","Skin_Mac",3.25458860397339,-1.15814828872681,"others"
"SK1_TKR181100054_sc47","CS23","Skin","Myeloblast",2.1644561290741,-1.3748459815979,"others"
"SK1_TKR181100054_sc48","CS23","Skin","Myeloblast",1.59438419342041,-1.43503308296204,"others"
"SK1_TKR181100054_sc49","CS23","Skin","Myeloblast",1.48006558418274,-1.39395976066589,"others"
"SK1_TKR181100054_sc50","CS23","Skin","Myeloblast",1.56151521205902,-1.3888498544693,"others"
"H8_TKR190100054_HY3F7CCXY_L2_sc49","CS15","Head","Head_Mac2",6.43585252761841,-4.00420379638672,"CS15"
"H8_TKR190100054_HY3F7CCXY_L2_sc50","CS15","Head","Head_Mac2",5.8321852684021,-3.05593085289001,"CS15"
"H8_TKR190100054_HY3F7CCXY_L2_sc51","CS15","Head","Blood_Mac",7.63956069946289,-3.58150815963745,"CS15"
"H8_TKR190100054_HY3F7CCXY_L2_sc54","CS15","Head","Head_Mac2",5.97813081741333,-2.93120551109314,"CS15"
"H8_TKR190100054_HY3F7CCXY_L2_sc55","CS15","Head","Head_Mac2",6.26783466339111,-2.87229990959167,"CS15"
"H8_TKR190100054_HY3F7CCXY_L2_sc56","CS15","Head","Head_Mac1",6.8573112487793,-1.45969140529633,"CS15"
"H8_TKR190100054_HY3F7CCXY_L2_sc58","CS15","Head","Head_Mac2",6.99792098999023,-2.66977381706238,"CS15"
"H8_TKR190100054_HY3F7CCXY_L2_sc59","CS15","Head","Head_Mac2",6.80311155319214,-2.6947009563446,"CS15"
"H8_TKR190100054_HY3F7CCXY_L2_sc60","CS15","Head","Head_Mac2",6.22615528106689,-2.91231346130371,"CS15"
"H8_TKR190100054_HY3F7CCXY_L2_sc61","CS15","Head","Head_Mac2",7.29815912246704,-1.88279509544373,"CS15"
"H8_TKR190100054_HY3F7CCXY_L2_sc62","CS15","Head","Head_Mac2",7.58760976791382,-1.65470314025879,"CS15"
"H8_TKR190100054_HY3F7CCXY_L2_sc63","CS15","Head","Head_Mac2",6.62948131561279,-3.29775667190552,"CS15"
"H8_TKR190100054_HY3F7CCXY_L2_sc64","CS15","Head","Head_Mac2",6.75201272964478,-3.39292144775391,"CS15"
"H8_TKR190100054_HY3F7CCXY_L2_sc65","CS15","Head","Head_Mac2",6.49311637878418,-2.44398546218872,"CS15"
"H8_TKR190100054_HY3F7CCXY_L2_sc66","CS15","Head","Lung_Mac",7.19049692153931,-1.85643100738525,"CS15"
"H8_TKR190100054_HY3F7CCXY_L2_sc67","CS15","Head","Blood_Mac",7.7737717628479,-3.64775204658508,"CS15"
"H8_TKR190100054_HY3F7CCXY_L2_sc68","CS15","Head","Head_Mac2",6.97476243972778,-2.45066046714783,"CS15"
"H8_TKR190100054_HY3F7CCXY_L2_sc69","CS15","Head","Head_Mac2",6.89812994003296,-2.47926568984985,"CS15"
"H8_TKR190100054_HY3F7CCXY_L2_sc70","CS15","Head","Head_Mac2",6.34266138076782,-3.3392927646637,"CS15"
"H8_TKR190100054_HY3F7CCXY_L2_sc71","CS15","Head","Head_Mac2",6.53919887542725,-2.79966807365417,"CS15"
"H8_TKR190100054_HY3F7CCXY_L2_sc72","CS15","Head","Head_Mac1",7.1560263633728,-1.5149405002594,"CS15"
"H8_TKR190100054_HY3F7CCXY_L2_sc73","CS15","Head","Head_Mac2",6.04208898544312,-4.5742335319519,"CS15"
"H8_TKR190100054_HY3F7CCXY_L2_sc74","CS15","Head","Head_Mac2",6.53601360321045,-3.59490346908569,"CS15"
"H8_TKR190100054_HY3F7CCXY_L2_sc76","CS15","Head","Head_Mac2",6.79262351989746,-3.35507392883301,"CS15"
"H8_TKR190100054_HY3F7CCXY_L2_sc77","CS15","Head","Head_Mac2",7.16876459121704,-1.90737617015839,"CS15"
"H8_TKR190100054_HY3F7CCXY_L2_sc78","CS15","Head","Myeloblast",1.94752538204193,-3.08545279502869,"CS15"
"H8_TKR190100054_HY3F7CCXY_L2_sc79","CS15","Head","Head_Mac2",6.90036153793335,-3.17524671554565,"CS15"
"H8_TKR190100054_HY3F7CCXY_L2_sc80","CS15","Head","Head_Mac1",7.04393243789673,-1.8099912405014,"CS15"
"H8_TKR190100054_HY3F7CCXY_L2_sc81","CS15","Head","Head_Mac2",7.11055994033813,-1.78368544578552,"CS15"
"H8_TKR190100054_HY3F7CCXY_L2_sc82","CS15","Head","Blood_Mac",7.99947690963745,-2.9171507358551,"CS15"
"H8_TKR190100054_HY3F7CCXY_L2_sc83","CS15","Head","Head_Mac2",6.20245313644409,-2.68567252159119,"CS15"
"H8_TKR190100054_HY3F7CCXY_L2_sc84","CS15","Head","Blood_Mac",8.37752819061279,-3.33557963371277,"CS15"
"H8_TKR190100054_HY3F7CCXY_L2_sc87","CS15","Head","Head_Mac2",6.96627950668335,-2.80650520324707,"CS15"
"H8_TKR190100054_HY3F7CCXY_L2_sc89","CS15","Head","Head_Mac2",7.06190824508667,-2.73062658309937,"CS15"
"H8_TKR190100054_HY3F7CCXY_L2_sc90","CS15","Head","Head_Mac2",7.21341180801392,-2.42273449897766,"CS15"
"H8_TKR190100054_HY3F7CCXY_L2_sc91","CS15","Head","Head_Mac2",6.72897386550903,-2.95749521255493,"CS15"
"H8_TKR190100054_HY3F7CCXY_L2_sc92","CS15","Head","Blood_Mac",7.74705457687378,-2.58783078193665,"CS15"
"H8_TKR190100054_HY3F7CCXY_L2_sc93","CS15","Head","Head_Mac1",7.02993488311768,-1.55818927288055,"CS15"
"H8_TKR190100054_HY3F7CCXY_L2_sc94","CS15","Head","Head_Mac2",6.34925556182861,-3.01701760292053,"CS15"
"H8_TKR190100054_HY3F7CCXY_L2_sc95","CS15","Head","Head_Mac1",6.92863082885742,-1.04951393604279,"CS15"
"H8_TKR190100054_HY3F7CCXY_L2_sc96","CS15","Head","Head_Mac2",5.82493829727173,-3.11266851425171,"CS15"
"FL9_TKR190100055_HY3F7CCXY_L2_sc1","CS15","Liver","YS_Mac2",7.06198263168335,-2.31190729141235,"CS15"
"FL9_TKR190100055_HY3F7CCXY_L2_sc2","CS15","Liver","Monocyte",5.57365703582764,-2.96335792541504,"CS15"
"FL9_TKR190100055_HY3F7CCXY_L2_sc6","CS15","Liver","Blood_Mac",7.30337238311768,-3.42334198951721,"CS15"
"FL9_TKR190100055_HY3F7CCXY_L2_sc7","CS15","Liver","Head_Mac2",6.11301898956299,-2.63492059707642,"CS15"
"FL9_TKR190100055_HY3F7CCXY_L2_sc8","CS15","Liver","Head_Mac1",6.09720706939697,-2.27469396591187,"CS15"
"FL9_TKR190100055_HY3F7CCXY_L2_sc10","CS15","Liver","Blood_Mac",7.89657354354858,-3.17800498008728,"CS15"
"FL9_TKR190100055_HY3F7CCXY_L2_sc11","CS15","Liver","Myeloblast",1.84297060966492,-2.60070514678955,"CS15"
"FL9_TKR190100055_HY3F7CCXY_L2_sc12","CS15","Liver","Blood_Mac",8.3767728805542,-2.8100311756134,"CS15"
"FL9_TKR190100055_HY3F7CCXY_L2_sc13","CS15","Liver","Blood_Mac",8.19715881347656,-3.05541014671326,"CS15"
"FL9_TKR190100055_HY3F7CCXY_L2_sc14","CS15","Liver","GMP",-0.818702876567841,-2.27866578102112,"CS15"
"FL9_TKR190100055_HY3F7CCXY_L2_sc15","CS15","Liver","Myeloblast",0.636923968791962,-1.83915269374847,"CS15"
"FL9_TKR190100055_HY3F7CCXY_L2_sc16","CS15","Liver","Myeloblast",0.702784299850464,-1.85325586795807,"CS15"
"FL9_TKR190100055_HY3F7CCXY_L2_sc18","CS15","Liver","Head_Mac2",6.41056203842163,-3.15096783638,"CS15"
"FL9_TKR190100055_HY3F7CCXY_L2_sc21","CS15","Liver","GMP",-0.600039720535278,-1.96096134185791,"CS15"
"FL9_TKR190100055_HY3F7CCXY_L2_sc22","CS15","Liver","Head_Mac2",7.70410060882568,-1.59218156337738,"CS15"
"FL9_TKR190100055_HY3F7CCXY_L2_sc25","CS15","Liver","GMP",-1.00195813179016,-2.35774683952332,"CS15"
"FL9_TKR190100055_HY3F7CCXY_L2_sc26","CS15","Liver","Monocyte",5.87520027160645,-2.67722773551941,"CS15"
"FL9_TKR190100055_HY3F7CCXY_L2_sc28","CS15","Liver","Myeloblast",1.41486072540283,-2.1350781917572,"CS15"
"FL9_TKR190100055_HY3F7CCXY_L2_sc30","CS15","Liver","EMP",-3.55134463310242,-1.22595489025116,"CS15"
"FL9_TKR190100055_HY3F7CCXY_L2_sc31","CS15","Liver","Head_Mac1",6.67916107177734,-2.04676175117493,"CS15"
"FL9_TKR190100055_HY3F7CCXY_L2_sc32","CS15","Liver","Monocyte",3.27858877182007,-2.87110948562622,"CS15"
"FL9_TKR190100055_HY3F7CCXY_L2_sc33","CS15","Liver","GMP",-0.721478044986725,-1.86648213863373,"CS15"
"FL9_TKR190100055_HY3F7CCXY_L2_sc36","CS15","Liver","GMP",0.213967591524124,-1.74386620521545,"CS15"
"FL9_TKR190100055_HY3F7CCXY_L2_sc37","CS15","Liver","Blood_Mac",7.34354686737061,-3.63956928253174,"CS15"
"FL9_TKR190100055_HY3F7CCXY_L2_sc38","CS15","Liver","Monocyte",5.80517148971558,-2.89542722702026,"CS15"
"FL9_TKR190100055_HY3F7CCXY_L2_sc41","CS15","Liver","Head_Mac2",5.74867105484009,-3.05633926391602,"CS15"
"FL9_TKR190100055_HY3F7CCXY_L2_sc45","CS15","Liver","GMP",0.0416473597288132,-2.07092332839966,"CS15"
"FL9_TKR190100055_HY3F7CCXY_L2_sc48","CS15","Liver","Blood_Mac",7.34268474578857,-3.50703573226929,"CS15"
"YS12_TKR190100053_HY3F7CCXY_L2_sc1","CS15","YS","YS_Mac2",8.74689674377441,-1.6942685842514,"CS15"
"YS12_TKR190100053_HY3F7CCXY_L2_sc2","CS15","YS","YS_Mac2",9.02069282531738,-1.32100832462311,"CS15"
"YS12_TKR190100053_HY3F7CCXY_L2_sc4","CS15","YS","YS_Mac2",8.59019660949707,-1.48728275299072,"CS15"
"YS12_TKR190100053_HY3F7CCXY_L2_sc6","CS15","YS","YS_Mac2",8.24811840057373,-1.77036416530609,"CS15"
"YS12_TKR190100053_HY3F7CCXY_L2_sc7","CS15","YS","YS_Mac2",8.11529541015625,-1.68510353565216,"CS15"
"YS12_TKR190100053_HY3F7CCXY_L2_sc8","CS15","YS","YS_Mac2",8.24289608001709,-1.76783835887909,"CS15"
"YS12_TKR190100053_HY3F7CCXY_L2_sc9","CS15","YS","YS_Mac2",7.63700294494629,-1.30868971347809,"CS15"
"YS12_TKR190100053_HY3F7CCXY_L2_sc10","CS15","YS","EMP",-3.52968716621399,-0.77347594499588,"CS15"
"YS12_TKR190100053_HY3F7CCXY_L2_sc13","CS15","YS","YS_Mac2",8.54534149169922,-1.39078617095947,"CS15"
"YS12_TKR190100053_HY3F7CCXY_L2_sc14","CS15","YS","YS_Mac2",8.5635347366333,-1.83511972427368,"CS15"
"YS12_TKR190100053_HY3F7CCXY_L2_sc15","CS15","YS","YS_Mac2",8.26116275787354,-1.69848024845123,"CS15"
"YS12_TKR190100053_HY3F7CCXY_L2_sc17","CS15","YS","YS_Mac2",8.5325927734375,-1.45492374897003,"CS15"
"YS12_TKR190100053_HY3F7CCXY_L2_sc18","CS15","YS","EMP",-3.51364612579346,-0.577557504177094,"CS15"
"YS12_TKR190100053_HY3F7CCXY_L2_sc19","CS15","YS","EMP",-3.41604614257812,-0.504821181297302,"CS15"
"YS12_TKR190100053_HY3F7CCXY_L2_sc20","CS15","YS","YS_Mac2",7.9467945098877,-1.3549861907959,"CS15"
"YS12_TKR190100053_HY3F7CCXY_L2_sc22","CS15","YS","YS_Mac2",8.16908645629883,-1.48238468170166,"CS15"
"YS12_TKR190100053_HY3F7CCXY_L2_sc24","CS15","YS","YS_Mac2",8.41929531097412,-1.61489307880402,"CS15"
"YS12_TKR190100053_HY3F7CCXY_L2_sc26","CS15","YS","YS_Mac2",8.90128993988037,-1.49468088150024,"CS15"
"YS12_TKR190100053_HY3F7CCXY_L2_sc27","CS15","YS","YS_Mac2",8.60210514068604,-1.54085397720337,"CS15"
"YS12_TKR190100053_HY3F7CCXY_L2_sc28","CS15","YS","YS_Mac2",8.30074024200439,-1.78802406787872,"CS15"
"YS12_TKR190100053_HY3F7CCXY_L2_sc29","CS15","YS","EMP",-3.37504100799561,-0.630760490894318,"CS15"
"YS12_TKR190100053_HY3F7CCXY_L2_sc30","CS15","YS","YS_Mac2",8.40263271331787,-1.20961463451385,"CS15"
"YS12_TKR190100053_HY3F7CCXY_L2_sc32","CS15","YS","YS_Mac2",8.51169681549072,-1.31756627559662,"CS15"
"YS12_TKR190100053_HY3F7CCXY_L2_sc35","CS15","YS","EMP",-3.16760182380676,-1.12587058544159,"CS15"
"YS12_TKR190100053_HY3F7CCXY_L2_sc36","CS15","YS","YS_Mac2",8.59115219116211,-1.32131779193878,"CS15"
"YS12_TKR190100053_HY3F7CCXY_L2_sc37","CS15","YS","YS_Mac2",8.45339965820312,-1.32633340358734,"CS15"
"YS12_TKR190100053_HY3F7CCXY_L2_sc38","CS15","YS","YS_Mac2",8.36473751068115,-1.40962076187134,"CS15"
"YS12_TKR190100053_HY3F7CCXY_L2_sc39","CS15","YS","Blood_Mac",7.29997396469116,-3.27355146408081,"CS15"
"YS12_TKR190100053_HY3F7CCXY_L2_sc40","CS15","YS","Blood_Mac",8.58974361419678,-2.67457962036133,"CS15"
"YS12_TKR190100053_HY3F7CCXY_L2_sc42","CS15","YS","YS_Mac2",8.37415981292725,-1.20548248291016,"CS15"
"YS12_TKR190100053_HY3F7CCXY_L2_sc43","CS15","YS","YS_Mac2",8.7305326461792,-1.33775699138641,"CS15"
"YS12_TKR190100053_HY3F7CCXY_L2_sc44","CS15","YS","YS_Mac2",8.91896724700928,-1.53304886817932,"CS15"
"YS12_TKR190100053_HY3F7CCXY_L2_sc46","CS15","YS","YS_Mac2",8.15547561645508,-1.41237437725067,"CS15"
"YS12_TKR190100053_HY3F7CCXY_L2_sc47","CS15","YS","Blood_Mac",8.48566722869873,-2.52839183807373,"CS15"
"B8_TKR190100056_HY3F7CCXY_L2_sc49","CS15","Blood","Blood_Mac",8.00206565856934,-2.58051323890686,"CS15"
"B8_TKR190100056_HY3F7CCXY_L2_sc51","CS15","Blood","Blood_Mac",8.01156902313232,-3.13512873649597,"CS15"
"B8_TKR190100056_HY3F7CCXY_L2_sc52","CS15","Blood","Blood_Mac",8.14021015167236,-3.37113666534424,"CS15"
"B8_TKR190100056_HY3F7CCXY_L2_sc53","CS15","Blood","Blood_Mac",8.21971035003662,-3.48535013198853,"CS15"
"B8_TKR190100056_HY3F7CCXY_L2_sc55","CS15","Blood","Blood_Mac",7.56670475006104,-2.92382740974426,"CS15"
"B8_TKR190100056_HY3F7CCXY_L2_sc56","CS15","Blood","EMP",-4.48922348022461,-0.726150155067444,"CS15"
"B8_TKR190100056_HY3F7CCXY_L2_sc57","CS15","Blood","Blood_Mac",8.2578649520874,-3.58478856086731,"CS15"
"B8_TKR190100056_HY3F7CCXY_L2_sc58","CS15","Blood","Blood_Mac",7.74082374572754,-3.10528969764709,"CS15"
"B8_TKR190100056_HY3F7CCXY_L2_sc59","CS15","Blood","Blood_Mac",8.41804027557373,-3.34439706802368,"CS15"
"B8_TKR190100056_HY3F7CCXY_L2_sc60","CS15","Blood","Blood_Mac",8.39402961730957,-3.24766111373901,"CS15"
"B8_TKR190100056_HY3F7CCXY_L2_sc62","CS15","Blood","Head_Mac1",7.66442632675171,-2.42995238304138,"CS15"
"B8_TKR190100056_HY3F7CCXY_L2_sc64","CS15","Blood","Blood_Mac",7.98038768768311,-3.47529101371765,"CS15"
"B8_TKR190100056_HY3F7CCXY_L2_sc65","CS15","Blood","Blood_Mac",8.53158664703369,-3.33529019355774,"CS15"
"B8_TKR190100056_HY3F7CCXY_L2_sc66","CS15","Blood","Blood_Mac",7.95736646652222,-2.90006017684937,"CS15"
"B8_TKR190100056_HY3F7CCXY_L2_sc67","CS15","Blood","EMP",-3.16741800308228,-1.81385791301727,"CS15"
"B8_TKR190100056_HY3F7CCXY_L2_sc68","CS15","Blood","Myeloblast",2.04602336883545,-3.25467395782471,"CS15"
"B8_TKR190100056_HY3F7CCXY_L2_sc69","CS15","Blood","Blood_Mac",8.02683448791504,-3.3852059841156,"CS15"
"B8_TKR190100056_HY3F7CCXY_L2_sc70","CS15","Blood","Blood_Mac",8.0142126083374,-3.13451385498047,"CS15"
"B8_TKR190100056_HY3F7CCXY_L2_sc71","CS15","Blood","Blood_Mac",8.34212303161621,-3.11931896209717,"CS15"
"B8_TKR190100056_HY3F7CCXY_L2_sc72","CS15","Blood","Blood_Mac",8.1141357421875,-3.55897927284241,"CS15"
"B8_TKR190100056_HY3F7CCXY_L2_sc73","CS15","Blood","Blood_Mac",8.26949310302734,-3.47032260894775,"CS15"
"B8_TKR190100056_HY3F7CCXY_L2_sc74","CS15","Blood","Blood_Mac",8.45553302764893,-2.92122864723206,"CS15"
"B8_TKR190100056_HY3F7CCXY_L2_sc77","CS15","Blood","Blood_Mac",7.77974414825439,-2.58249354362488,"CS15"
"B8_TKR190100056_HY3F7CCXY_L2_sc78","CS15","Blood","Blood_Mac",7.79591274261475,-3.32953429222107,"CS15"
"B8_TKR190100056_HY3F7CCXY_L2_sc79","CS15","Blood","Blood_Mac",8.09398651123047,-3.54784226417542,"CS15"
"B8_TKR190100056_HY3F7CCXY_L2_sc80","CS15","Blood","Blood_Mac",8.16388988494873,-3.13288855552673,"CS15"
"B8_TKR190100056_HY3F7CCXY_L2_sc82","CS15","Blood","Blood_Mac",8.17748355865479,-2.78789377212524,"CS15"
"B8_TKR190100056_HY3F7CCXY_L2_sc83","CS15","Blood","Blood_Mac",8.3169994354248,-2.93426513671875,"CS15"
"B8_TKR190100056_HY3F7CCXY_L2_sc84","CS15","Blood","Blood_Mac",4.52871608734131,1.36021053791046,"CS15"
"B8_TKR190100056_HY3F7CCXY_L2_sc85","CS15","Blood","Blood_Mac",8.59580039978027,-3.0896532535553,"CS15"
"B8_TKR190100056_HY3F7CCXY_L2_sc88","CS15","Blood","Blood_Mac",8.04781341552734,-3.3655059337616,"CS15"
"B8_TKR190100056_HY3F7CCXY_L2_sc89","CS15","Blood","Blood_Mac",8.27781772613525,-2.99349284172058,"CS15"
"B8_TKR190100056_HY3F7CCXY_L2_sc90","CS15","Blood","Blood_Mac",8.17578220367432,-3.49969339370728,"CS15"
"B8_TKR190100056_HY3F7CCXY_L2_sc91","CS15","Blood","Blood_Mac",8.61313629150391,-3.10145139694214,"CS15"
"B8_TKR190100056_HY3F7CCXY_L2_sc92","CS15","Blood","EMP",-3.52114057540894,-1.57520484924316,"CS15"
"B8_TKR190100056_HY3F7CCXY_L2_sc93","CS15","Blood","Head_Mac2",7.38344097137451,-2.33973550796509,"CS15"
"B8_TKR190100056_HY3F7CCXY_L2_sc94","CS15","Blood","Blood_Mac",8.45601272583008,-3.28647398948669,"CS15"
"B8_TKR190100056_HY3F7CCXY_L2_sc95","CS15","Blood","EMP",-3.08066082000732,-1.66465139389038,"CS15"
"FL10_FKDL190665149.1a_sc50","CS20","Liver","Myeloblast",0.00421745982021093,-2.43023443222046,"others"
"FL10_FKDL190665149.1a_sc52","CS20","Liver","GMP",-1.47454845905304,-2.31853914260864,"others"
"FL10_FKDL190665149.1a_sc60","CS20","Liver","Myeloblast",0.327630758285522,-2.6285674571991,"others"
"FL10_FKDL190665149.1a_sc77","CS20","Liver","Myeloblast",1.79163062572479,-2.26511192321777,"others"
"FL10_FKDL190665149.1a_sc81","CS20","Liver","GMP",-1.18925642967224,-2.0878734588623,"others"
"FL10_FKDL190665149.1a_sc85","CS20","Liver","Myeloblast",2.03497123718262,-2.86868739128113,"others"
"FL10_FKDL190665149.1a_sc94","CS20","Liver","Monocyte",4.53626203536987,-2.59793281555176,"others"
"H9_FKDL190665148.1a_sc1","CS20","Head","Head_Mac3",5.90392255783081,-5.62633752822876,"others"
"H9_FKDL190665148.1a_sc3","CS20","Head","Head_Mac3",5.66425561904907,-5.59985542297363,"others"
"H9_FKDL190665148.1a_sc4","CS20","Head","Head_Mac3",5.87676048278809,-6.26594924926758,"others"
"H9_FKDL190665148.1a_sc5","CS20","Head","Head_Mac3",5.68290948867798,-5.66549110412598,"others"
"H9_FKDL190665148.1a_sc6","CS20","Head","Head_Mac3",5.55203056335449,-6.39210271835327,"others"
"H9_FKDL190665148.1a_sc7","CS20","Head","Head_Mac3",5.85151195526123,-6.16158008575439,"others"
"H9_FKDL190665148.1a_sc8","CS20","Head","Head_Mac3",5.69004821777344,-5.45423984527588,"others"
"H9_FKDL190665148.1a_sc9","CS20","Head","Head_Mac3",5.89126634597778,-5.05594539642334,"others"
"H9_FKDL190665148.1a_sc10","CS20","Head","Head_Mac3",5.59614562988281,-6.09278011322021,"others"
"H9_FKDL190665148.1a_sc11","CS20","Head","Head_Mac3",5.85934638977051,-5.8726921081543,"others"
"H9_FKDL190665148.1a_sc12","CS20","Head","Head_Mac3",5.75419139862061,-5.74281740188599,"others"
"H9_FKDL190665148.1a_sc13","CS20","Head","Head_Mac3",5.49047946929932,-5.60181283950806,"others"
"H9_FKDL190665148.1a_sc14","CS20","Head","Head_Mac3",5.24095916748047,-5.76938915252686,"others"
"H9_FKDL190665148.1a_sc17","CS20","Head","Head_Mac3",5.52943563461304,-5.64994764328003,"others"
"H9_FKDL190665148.1a_sc18","CS20","Head","Head_Mac3",5.85678815841675,-5.88554906845093,"others"
"H9_FKDL190665148.1a_sc20","CS20","Head","Head_Mac3",5.76375484466553,-6.24692249298096,"others"
"H9_FKDL190665148.1a_sc21","CS20","Head","Head_Mac3",5.51850318908691,-5.42277526855469,"others"
"H9_FKDL190665148.1a_sc22","CS20","Head","Head_Mac3",5.98449087142944,-5.8159236907959,"others"
"H9_FKDL190665148.1a_sc24","CS20","Head","Head_Mac3",5.71617889404297,-5.44997692108154,"others"
"H9_FKDL190665148.1a_sc26","CS20","Head","Head_Mac3",5.59243965148926,-5.77318382263184,"others"
"H9_FKDL190665148.1a_sc27","CS20","Head","Head_Mac3",5.70904874801636,-5.90353631973267,"others"
"H9_FKDL190665148.1a_sc28","CS20","Head","Head_Mac3",5.68806409835815,-5.74754905700684,"others"
"H9_FKDL190665148.1a_sc29","CS20","Head","Head_Mac3",5.44730663299561,-5.59183692932129,"others"
"H9_FKDL190665148.1a_sc30","CS20","Head","Head_Mac3",5.97214555740356,-5.71288824081421,"others"
"H9_FKDL190665148.1a_sc32","CS20","Head","Head_Mac3",5.60430192947388,-5.51617860794067,"others"
"H9_FKDL190665148.1a_sc33","CS20","Head","Head_Mac1",5.42021226882935,-5.11877393722534,"others"
"H9_FKDL190665148.1a_sc35","CS20","Head","Head_Mac3",5.5581431388855,-5.58180952072144,"others"
"H9_FKDL190665148.1a_sc36","CS20","Head","Head_Mac3",5.79289722442627,-6.02060556411743,"others"
"H9_FKDL190665148.1a_sc37","CS20","Head","Head_Mac3",5.29570341110229,-5.9679126739502,"others"
"H9_FKDL190665148.1a_sc38","CS20","Head","Head_Mac3",5.97557592391968,-6.00842666625977,"others"
"H9_FKDL190665148.1a_sc39","CS20","Head","Head_Mac3",5.34237337112427,-5.73585081100464,"others"
"H9_FKDL190665148.1a_sc40","CS20","Head","Skin_Mac",5.00163984298706,-4.7243070602417,"others"
"H9_FKDL190665148.1a_sc42","CS20","Head","Head_Mac3",5.28091812133789,-6.16488122940063,"others"
"H9_FKDL190665148.1a_sc44","CS20","Head","Head_Mac3",6.03718852996826,-5.96095943450928,"others"
"H9_FKDL190665148.1a_sc45","CS20","Head","Head_Mac3",5.64119958877563,-5.70079708099365,"others"
"H9_FKDL190665148.1a_sc46","CS20","Head","Head_Mac3",5.47831439971924,-5.24371099472046,"others"
"H9_FKDL190665148.1a_sc47","CS20","Head","Head_Mac3",5.45846080780029,-5.9542555809021,"others"
"H9_FKDL190665148.1a_sc48","CS20","Head","Head_Mac3",5.40445232391357,-5.89375591278076,"others"
"SK4_FKDL190665151.1a_sc49","CS20","Skin","Skin_Mac",4.15178775787354,-0.491249442100525,"others"
"SK4_FKDL190665151.1a_sc50","CS20","Skin","Skin_Mac",3.27552223205566,-1.42310619354248,"others"
"SK4_FKDL190665151.1a_sc51","CS20","Skin","Skin_Mac",3.6625235080719,-1.18795967102051,"others"
"SK4_FKDL190665151.1a_sc52","CS20","Skin","Skin_Mac",4.39185953140259,-0.694205760955811,"others"
"SK4_FKDL190665151.1a_sc53","CS20","Skin","Lung_Mac",6.8120379447937,0.550454199314117,"others"
"SK4_FKDL190665151.1a_sc55","CS20","Skin","Lung_Mac",6.0367374420166,-0.0497284792363644,"others"
"SK4_FKDL190665151.1a_sc56","CS20","Skin","Skin_Mac",3.33001708984375,-1.67948007583618,"others"
"SK4_FKDL190665151.1a_sc57","CS20","Skin","Skin_Mac",3.66881608963013,-1.21063268184662,"others"
"SK4_FKDL190665151.1a_sc58","CS20","Skin","Skin_Mac",4.49469423294067,-0.200271651148796,"others"
"SK4_FKDL190665151.1a_sc59","CS20","Skin","Skin_Mac",3.55417990684509,-1.37817776203156,"others"
"SK4_FKDL190665151.1a_sc61","CS20","Skin","Skin_Mac",3.77449512481689,-0.812530696392059,"others"
"SK4_FKDL190665151.1a_sc62","CS20","Skin","Skin_Mac",4.27609729766846,-0.430311679840088,"others"
"SK4_FKDL190665151.1a_sc63","CS20","Skin","Skin_Mac",4.39857292175293,-0.2756088078022,"others"
"SK4_FKDL190665151.1a_sc64","CS20","Skin","EMP",-1.97240626811981,-2.0273265838623,"others"
"SK4_FKDL190665151.1a_sc65","CS20","Skin","Skin_Mac",4.23123359680176,-0.356772899627686,"others"
"SK4_FKDL190665151.1a_sc66","CS20","Skin","Skin_Mac",4.32043695449829,-0.754742026329041,"others"
"SK4_FKDL190665151.1a_sc67","CS20","Skin","GMP",-1.24919307231903,-2.12871694564819,"others"
"SK4_FKDL190665151.1a_sc68","CS20","Skin","GMP",-0.983095169067383,-2.02749562263489,"others"
"SK4_FKDL190665151.1a_sc69","CS20","Skin","GMP",0.623165667057037,-2.00555539131165,"others"
"SK4_FKDL190665151.1a_sc70","CS20","Skin","Skin_Mac",4.39998292922974,-0.127925172448158,"others"
"SK4_FKDL190665151.1a_sc71","CS20","Skin","Skin_Mac",4.41664600372314,-0.048411350697279,"others"
"SK4_FKDL190665151.1a_sc72","CS20","Skin","Skin_Mac",4.23171472549438,-0.197895586490631,"others"
"SK4_FKDL190665151.1a_sc73","CS20","Skin","Head_Mac1",6.05735301971436,-1.92142057418823,"others"
"SK4_FKDL190665151.1a_sc74","CS20","Skin","Skin_Mac",4.48965644836426,-0.0928270667791367,"others"
"SK4_FKDL190665151.1a_sc75","CS20","Skin","Head_Mac1",5.89730644226074,-0.201453134417534,"others"
"SK4_FKDL190665151.1a_sc76","CS20","Skin","Skin_Mac",4.31390476226807,-0.428595691919327,"others"
"SK4_FKDL190665151.1a_sc77","CS20","Skin","Myeloblast",1.09901404380798,-1.98058950901031,"others"
"SK4_FKDL190665151.1a_sc78","CS20","Skin","Skin_Mac",3.40280103683472,-1.57264745235443,"others"
"SK4_FKDL190665151.1a_sc79","CS20","Skin","Skin_Mac",3.80490660667419,-0.977873921394348,"others"
"SK4_FKDL190665151.1a_sc80","CS20","Skin","Skin_Mac",4.24775409698486,-0.688134491443634,"others"
"SK4_FKDL190665151.1a_sc81","CS20","Skin","Myeloblast",0.877023160457611,-2.05628752708435,"others"
"SK4_FKDL190665151.1a_sc82","CS20","Skin","Head_Mac3",5.27707052230835,-5.00676774978638,"others"
"SK4_FKDL190665151.1a_sc84","CS20","Skin","Myeloblast",1.72850012779236,-1.30340111255646,"others"
"SK4_FKDL190665151.1a_sc86","CS20","Skin","Skin_Mac",3.89592218399048,-0.973733365535736,"others"
"SK4_FKDL190665151.1a_sc87","CS20","Skin","Lung_Mac",6.23607063293457,-0.110751144587994,"others"
"SK4_FKDL190665151.1a_sc88","CS20","Skin","Skin_Mac",4.49773073196411,0.178718045353889,"others"
"SK4_FKDL190665151.1a_sc89","CS20","Skin","Skin_Mac",4.09537935256958,-0.751305282115936,"others"
"SK4_FKDL190665151.1a_sc91","CS20","Skin","Skin_Mac",4.59408283233643,0.0116912219673395,"others"
"SK4_FKDL190665151.1a_sc92","CS20","Skin","Monocyte",3.10035395622253,-2.56376051902771,"others"
"SK4_FKDL190665151.1a_sc93","CS20","Skin","GMP",-0.912009119987488,-1.87521982192993,"others"
"SK4_FKDL190665151.1a_sc94","CS20","Skin","EMP",-3.97008013725281,-1.50935804843903,"others"
"SK4_FKDL190665151.1a_sc95","CS20","Skin","Myeloblast",0.939506947994232,-2.2660448551178,"others"
"SK4_FKDL190665151.1a_sc96","CS20","Skin","Head_Mac2",6.28360509872437,-2.36587119102478,"others"
"B9_FKDL190665150.1a_sc4","CS20","Blood","GMP",-1.30054295063019,-2.3240430355072,"others"
"B9_FKDL190665150.1a_sc7","CS20","Blood","Myeloblast",1.84991049766541,-1.87516117095947,"others"
"B9_FKDL190665150.1a_sc11","CS20","Blood","EMP",-2.84869909286499,-1.91740429401398,"others"
"B9_FKDL190665150.1a_sc13","CS20","Blood","Monocyte",4.01176452636719,-2.40224504470825,"others"
"B9_FKDL190665150.1a_sc15","CS20","Blood","Monocyte",4.26161575317383,-2.42155265808105,"others"
"B9_FKDL190665150.1a_sc17","CS20","Blood","Monocyte",3.63793253898621,-2.46294951438904,"others"
"B9_FKDL190665150.1a_sc24","CS20","Blood","GMP",-1.4784734249115,-2.21011328697205,"others"
"B9_FKDL190665150.1a_sc25","CS20","Blood","Monocyte",3.03152012825012,-2.43281054496765,"others"
"B9_FKDL190665150.1a_sc26","CS20","Blood","Monocyte",5.15676498413086,-1.7225558757782,"others"
"B9_FKDL190665150.1a_sc27","CS20","Blood","Monocyte",5.23698759078979,-1.66550159454346,"others"
"B9_FKDL190665150.1a_sc28","CS20","Blood","Monocyte",5.2578067779541,-1.82087063789368,"others"
"B9_FKDL190665150.1a_sc30","CS20","Blood","Monocyte",2.94226241111755,-2.39737772941589,"others"
"B9_FKDL190665150.1a_sc32","CS20","Blood","Monocyte",3.46108150482178,-2.48580932617188,"others"
"B9_FKDL190665150.1a_sc35","CS20","Blood","Monocyte",3.54654169082642,-2.28000521659851,"others"
"B9_FKDL190665150.1a_sc41","CS20","Blood","Monocyte",2.36007285118103,-2.18823385238647,"others"
"B9_FKDL190665150.1a_sc42","CS20","Blood","GMP",-2.04619932174683,-2.09109616279602,"others"
"B9_FKDL190665150.1a_sc44","CS20","Blood","Monocyte",3.37543821334839,-2.46590280532837,"others"
"B9_FKDL190665150.1a_sc48","CS20","Blood","GMP",-0.919424176216125,-1.97212135791779,"others"
"L3_FKDL190665156.1a_sc1","CS20","Lung","Lung_Mac",7.11427402496338,1.14564478397369,"others"
"L3_FKDL190665156.1a_sc2","CS20","Lung","Lung_Mac",7.47353315353394,1.15075075626373,"others"
"L3_FKDL190665156.1a_sc3","CS20","Lung","Lung_Mac",7.43076038360596,-0.152861624956131,"others"
"L3_FKDL190665156.1a_sc4","CS20","Lung","Monocyte",5.99653768539429,-2.56022262573242,"others"
"L3_FKDL190665156.1a_sc5","CS20","Lung","Lung_Mac",6.9154896736145,-0.0815909281373024,"others"
"L3_FKDL190665156.1a_sc6","CS20","Lung","Lung_Mac",7.10692930221558,0.958671510219574,"others"
"L3_FKDL190665156.1a_sc7","CS20","Lung","Lung_Mac",7.6194543838501,0.987111270427704,"others"
"L3_FKDL190665156.1a_sc9","CS20","Lung","Lung_Mac",3.87194395065308,-2.33188033103943,"others"
"L3_FKDL190665156.1a_sc10","CS20","Lung","Lung_Mac",7.21056079864502,0.967027008533478,"others"
"L3_FKDL190665156.1a_sc11","CS20","Lung","Lung_Mac",7.53976678848267,0.712376356124878,"others"
"L3_FKDL190665156.1a_sc12","CS20","Lung","Lung_Mac",7.25843143463135,0.995173871517181,"others"
"L3_FKDL190665156.1a_sc13","CS20","Lung","Lung_Mac",7.06473302841187,1.22059106826782,"others"
"L3_FKDL190665156.1a_sc14","CS20","Lung","Myeloblast",0.779431045055389,-2.44335031509399,"others"
"L3_FKDL190665156.1a_sc15","CS20","Lung","Lung_Mac",7.53159761428833,1.0376570224762,"others"
"L3_FKDL190665156.1a_sc16","CS20","Lung","Lung_Mac",7.51031446456909,1.04278862476349,"others"
"L3_FKDL190665156.1a_sc18","CS20","Lung","Lung_Mac",7.2930645942688,-0.0195266474038363,"others"
"L3_FKDL190665156.1a_sc19","CS20","Lung","Myeloblast",0.591527998447418,-1.97762227058411,"others"
"L3_FKDL190665156.1a_sc20","CS20","Lung","GMP",-0.96755838394165,-2.1121666431427,"others"
"L3_FKDL190665156.1a_sc21","CS20","Lung","Lung_Mac",6.92406702041626,0.717089772224426,"others"
"L3_FKDL190665156.1a_sc22","CS20","Lung","Lung_Mac",6.93569421768188,0.494461089372635,"others"
"L3_FKDL190665156.1a_sc24","CS20","Lung","Lung_Mac",6.94703340530396,0.823794782161713,"others"
"L3_FKDL190665156.1a_sc25","CS20","Lung","Lung_Mac",7.23366785049438,0.87375795841217,"others"
"L3_FKDL190665156.1a_sc26","CS20","Lung","Lung_Mac",6.87208938598633,0.442513048648834,"others"
"L3_FKDL190665156.1a_sc27","CS20","Lung","Lung_Mac",7.36309385299683,0.0903071463108063,"others"
"L3_FKDL190665156.1a_sc28","CS20","Lung","Lung_Mac",7.11726236343384,0.760272324085236,"others"
"L3_FKDL190665156.1a_sc29","CS20","Lung","GMP",-0.598593711853027,-2.20432591438293,"others"
"L3_FKDL190665156.1a_sc30","CS20","Lung","Lung_Mac",7.60840463638306,0.608588755130768,"others"
"L3_FKDL190665156.1a_sc31","CS20","Lung","Lung_Mac",7.02677059173584,0.641245782375336,"others"
"L3_FKDL190665156.1a_sc32","CS20","Lung","Myeloblast",0.720448315143585,-1.61581921577454,"others"
"L3_FKDL190665156.1a_sc34","CS20","Lung","Lung_Mac",6.69720125198364,0.0169000141322613,"others"
"L3_FKDL190665156.1a_sc35","CS20","Lung","Lung_Mac",6.9804630279541,0.908994197845459,"others"
"L3_FKDL190665156.1a_sc36","CS20","Lung","Monocyte",5.6512885093689,-2.40345430374146,"others"
"L3_FKDL190665156.1a_sc37","CS20","Lung","Lung_Mac",7.30981016159058,0.401583194732666,"others"
"L3_FKDL190665156.1a_sc38","CS20","Lung","Lung_Mac",7.53302001953125,1.05510473251343,"others"
"L3_FKDL190665156.1a_sc40","CS20","Lung","Lung_Mac",7.35183095932007,1.14372253417969,"others"
"L3_FKDL190665156.1a_sc41","CS20","Lung","Lung_Mac",7.17065525054932,0.837323844432831,"others"
"L3_FKDL190665156.1a_sc44","CS20","Lung","Lung_Mac",7.06325483322144,1.00132870674133,"others"
"L3_FKDL190665156.1a_sc45","CS20","Lung","Myeloblast",-0.403458625078201,-2.4420690536499,"others"
"L3_FKDL190665156.1a_sc46","CS20","Lung","Lung_Mac",7.31355428695679,0.0744395852088928,"others"
"L3_FKDL190665156.1a_sc47","CS20","Lung","Lung_Mac",6.91641902923584,0.862925708293915,"others"
"L3_FKDL190665156.1a_sc48","CS20","Lung","Myeloblast",0.571670174598694,-1.53209602832794,"others"
